class; aligned_on_x ; aligned_on_y ; aligned_on_z ; flipped_on_x ; flipped_on_y ; flipped_on_z
AircraftBuoyant;1;1;1;1;1;1
AircraftBuoyant;1;1;1;1;1;1
AircraftBuoyant;1;1;1;1;1;1
AircraftBuoyant;1;1;1;1;1;1
AircraftBuoyant;1;1;1;1;1;1
AircraftBuoyant;1;1;1;1;1;1
AircraftBuoyant;1;1;1;1;1;1
AircraftBuoyant;1;1;1;1;1;1
AircraftBuoyant;1;1;1;1;1;1
AircraftBuoyant;1;1;1;1;1;1
AircraftBuoyant;1;1;1;1;1;1
AircraftBuoyant;1;1;1;1;1;1
AircraftBuoyant;1;1;1;1;1;1
AircraftBuoyant;1;1;1;1;1;1
AircraftBuoyant;1;1;1;1;1;1
Apartment;1;1;1;1;1;1
Apartment;1;1;1;1;1;1
Apartment;1;1;1;1;1;1
Apartment;1;1;1;1;1;1
Apartment;1;1;1;1;1;1
Apartment;1;1;1;1;1;1
Apartment;1;1;1;1;1;1
Apartment;1;1;1;1;1;1
Apartment;1;1;1;1;1;1
Apartment;1;1;1;1;1;1
Apartment;1;1;1;1;1;1
Apartment;1;1;1;1;1;1
Apartment;1;1;1;1;1;1
Apartment;1;1;1;1;1;1
Apartment;1;1;1;1;1;1
Apartment;1;1;1;1;1;1
Apartment;1;1;1;1;1;1
Apartment;1;1;1;1;1;1
Apartment;1;1;1;1;1;1
Apartment;1;1;1;1;1;1
Apartment;1;1;1;1;1;1
Apartment;1;1;1;1;1;1
Apartment;1;1;1;1;1;1
AquaticAnimal;1;1;1;1;1;1
AquaticAnimal;1;1;1;1;1;1
AquaticAnimal;1;1;1;1;1;1
AquaticAnimal;1;1;1;1;1;1
AquaticAnimal;1;1;1;1;1;1
AquaticAnimal;1;1;1;1;1;1
AquaticAnimal;1;1;1;1;1;1
AquaticAnimal;1;1;1;1;1;1
AquaticAnimal;1;1;1;1;1;1
AquaticAnimal;1;1;1;1;1;1
AquaticAnimal;1;1;1;1;1;1
AquaticAnimal;1;1;1;1;1;1
AquaticAnimal;1;1;1;1;1;1
AquaticAnimal;1;1;1;1;1;1
AquaticAnimal;1;1;1;1;1;1
AquaticAnimal;1;1;1;1;1;1
AquaticAnimal;1;1;1;1;1;1
AquaticAnimal;1;1;1;1;1;1
AquaticAnimal;1;1;1;1;1;1
AquaticAnimal;1;1;1;1;1;1
AquaticAnimal;1;1;1;1;1;1
AquaticAnimal;1;1;1;1;1;1
AquaticAnimal;1;1;1;1;1;1
AquaticAnimal;1;1;1;1;1;1
AquaticAnimal;1;1;1;1;1;1
AquaticAnimal;1;1;1;1;1;1
AquaticAnimal;1;1;1;1;1;1
AquaticAnimal;1;1;1;1;1;1
AquaticAnimal;1;1;1;1;1;1
Bed;1;1;1;1;1;1
Bed;1;1;1;1;1;1
Bed;1;1;1;1;1;1
Bed;1;1;1;1;1;1
Bed;1;1;1;1;1;1
Bed;1;1;1;1;1;1
Bed;1;1;1;1;1;1
Bed;1;1;1;1;1;1
Bed;1;1;1;1;1;1
Bed;1;1;1;1;1;1
Bed;1;1;1;1;1;1
Bed;1;1;1;1;1;1
Bed;1;1;1;1;1;1
Bed;1;1;1;1;1;1
Bed;1;1;1;1;1;1
Bed;1;1;1;1;1;1
Bed;1;1;1;1;1;1
Bed;1;1;1;1;1;1
Bed;1;1;1;1;1;1
Bed;1;1;1;1;1;1
Bed;1;1;1;1;1;1
Bed;1;1;1;1;1;1
Bed;1;1;1;1;1;1
Bed;1;1;1;1;1;1
Bed;1;1;1;1;1;1
Bed;1;1;1;1;1;1
Bed;1;1;1;1;1;1
Biplane;1;1;1;1;1;1
Biplane;1;1;1;1;1;1
Biplane;1;1;1;1;1;1
Biplane;1;1;1;1;1;1
Biplane;1;1;1;1;1;1
Biplane;1;1;1;1;1;1
Biplane;1;1;1;1;1;1
Biplane;1;1;1;1;1;1
Biplane;1;1;1;1;1;1
Biplane;1;1;1;1;1;1
Biplane;1;1;1;1;1;1
Biplane;1;1;1;1;1;1
Biplane;1;1;1;1;1;1
Biplane;1;1;1;1;1;1
Biplane;1;1;1;1;1;1
Biplane;1;1;1;1;1;1
Biplane;1;1;1;1;1;1
Biplane;1;1;1;1;1;1
Biplane;1;1;1;1;1;1
Biplane;1;1;1;1;1;1
Biplane;1;1;1;1;1;1
Biplane;1;1;1;1;1;1
Biplane;1;1;1;1;1;1
Biplane;1;1;1;1;1;1
Biplane;1;1;1;1;1;1
Biplane;1;1;1;1;1;1
Biplane;1;1;1;1;1;1
Biplane;1;1;1;1;1;1
Biplane;1;1;1;1;1;1
Biplane;1;1;1;1;1;1
Biplane;1;1;1;1;1;1
Biplane;1;1;1;1;1;1
Biplane;1;1;1;1;1;1
Biplane;1;1;1;1;1;1
Biplane;1;1;1;1;1;1
Biplane;1;1;1;1;1;1
Biplane;1;1;1;1;1;1
Biplane;1;1;1;1;1;1
Biplane;1;1;1;1;1;1
Biplane;1;1;1;1;1;1
Biplane;1;1;1;1;1;1
Biplane;1;1;1;1;1;1
Biplane;1;1;1;1;1;1
Biplane;1;1;1;1;1;1
Biplane;1;1;1;1;1;1
Bird;1;1;1;1;1;1
Bird;1;1;1;1;1;1
Bird;1;1;1;1;1;1
Bird;1;1;1;1;1;1
Bird;1;1;1;1;1;1
Bird;1;1;1;1;1;1
Bird;1;1;1;1;1;1
Bird;1;1;1;1;1;1
Bird;1;1;1;1;1;1
Bird;1;1;1;1;1;1
Bird;1;1;1;1;1;1
Bird;1;1;1;1;1;1
Bird;1;1;1;1;1;1
Bird;1;1;1;1;1;1
Bird;1;1;1;1;1;1
Bird;1;1;1;1;1;1
Bird;1;1;1;1;1;1
Bird;1;1;1;1;1;1
Bird;1;1;1;1;1;1
Bird;1;1;1;1;1;1
Bird;1;1;1;1;1;1
Bird;1;1;1;1;1;1
Bird;1;1;1;1;1;1
Bird;1;1;1;1;1;1
Bird;1;1;1;1;1;1
Bird;1;1;1;1;1;1
Bird;1;1;1;1;1;1
Bird;1;1;1;1;1;1
Bird;1;1;1;1;1;1
Bird;1;1;1;1;1;1
Bird;1;1;1;1;1;1
Bird;1;1;1;1;1;1
Bird;1;1;1;1;1;1
Bird;1;1;1;1;1;1
Bird;1;1;1;1;1;1
Bird;1;1;1;1;1;1
Bird;1;1;1;1;1;1
Bird;1;1;1;1;1;1
Bird;1;1;1;1;1;1
Bird;1;1;1;1;1;1
Bird;1;1;1;1;1;1
Bird;1;1;1;1;1;1
Bird;1;1;1;1;1;1
Bird;1;1;1;1;1;1
Bookset;1;1;1;1;1;1
Bookset;1;1;1;1;1;1
Bookset;1;1;1;1;1;1
Bookset;1;1;1;1;1;1
Bookset;1;1;1;1;1;1
Bookset;1;1;1;1;1;1
Bookset;1;1;1;1;1;1
Bookset;1;1;1;1;1;1
Bookset;1;1;1;1;1;1
Bookset;1;1;1;1;1;1
Bookset;1;1;1;1;1;1
Bookset;1;1;1;1;1;1
Bookset;1;1;1;1;1;1
Bookset;1;1;1;1;1;1
Bookset;1;1;1;1;1;1
Bookset;1;1;1;1;1;1
Bookset;1;1;1;1;1;1
Bookset;1;1;1;1;1;1
Bookset;1;1;1;1;1;1
Bookset;1;1;1;1;1;1
Bottle;1;1;1;1;1;1
Bottle;1;1;1;1;1;1
Bottle;1;1;1;1;1;1
Bottle;1;1;1;1;1;1
Bottle;1;1;1;1;1;1
Bottle;1;1;1;1;1;1
Bottle;1;1;1;1;1;1
Bottle;1;1;1;1;1;1
Bottle;1;1;1;1;1;1
Bottle;1;1;1;1;1;1
Bottle;1;1;1;1;1;1
Bottle;1;1;1;1;1;1
Bottle;1;1;1;1;1;1
Bottle;1;1;1;1;1;1
Bottle;1;1;1;1;1;1
Bottle;1;1;1;1;1;1
Bottle;1;1;1;1;1;1
Bottle;1;1;1;1;1;1
Bottle;1;1;1;1;1;1
Bottle;1;1;1;1;1;1
Bottle;1;1;1;1;1;1
Bottle;1;1;1;1;1;1
Bottle;1;1;1;1;1;1
Bottle;1;1;1;1;1;1
Bottle;1;1;1;1;1;1
Bottle;1;1;1;1;1;1
Bottle;1;1;1;1;1;1
Bottle;1;1;1;1;1;1
Bottle;1;1;1;1;1;1
Bottle;1;1;1;1;1;1
Bottle;1;1;1;1;1;1
BuildingNonResidential;1;1;1;1;1;1
BuildingNonResidential;1;1;1;1;1;1
BuildingNonResidential;1;1;1;1;1;1
BuildingNonResidential;1;1;1;1;1;1
BuildingNonResidential;1;1;1;1;1;1
BuildingNonResidential;1;1;1;1;1;1
BuildingNonResidential;1;1;1;1;1;1
BuildingNonResidential;1;1;1;1;1;1
BuildingNonResidential;1;1;1;1;1;1
BuildingNonResidential;1;1;1;1;1;1
BuildingNonResidential;1;1;1;1;1;1
BuildingNonResidential;1;1;1;1;1;1
BuildingNonResidential;1;1;1;1;1;1
BuildingNonResidential;1;1;1;1;1;1
BuildingNonResidential;1;1;1;1;1;1
BuildingNonResidential;1;1;1;1;1;1
BuildingNonResidential;1;1;1;1;1;1
BuildingNonResidential;1;1;1;1;1;1
BuildingNonResidential;1;1;1;1;1;1
BuildingNonResidential;1;1;1;1;1;1
BuildingNonResidential;1;1;1;1;1;1
BuildingNonResidential;1;1;1;1;1;1
BuildingNonResidential;1;1;1;1;1;1
BuildingNonResidential;1;1;1;1;1;1
BuildingNonResidential;1;1;1;1;1;1
BuildingNonResidential;1;1;1;1;1;1
BuildingNonResidential;1;1;1;1;1;1
BuildingNonResidential;1;1;1;1;1;1
BuildingNonResidential;1;1;1;1;1;1
BuildingNonResidential;1;1;1;1;1;1
BuildingNonResidential;1;1;1;1;1;1
BuildingNonResidential;1;1;1;1;1;1
BuildingNonResidential;1;1;1;1;1;1
BuildingNonResidential;1;1;1;1;1;1
BuildingNonResidential;1;1;1;1;1;1
BuildingNonResidential;1;1;1;1;1;1
BuildingNonResidential;1;1;1;1;1;1
BuildingNonResidential;1;1;1;1;1;1
BuildingNonResidential;1;1;1;1;1;1
BuildingNonResidential;1;1;1;1;1;1
BuildingNonResidential;1;1;1;1;1;1
BuildingNonResidential;1;1;1;1;1;1
BuildingNonResidential;1;1;1;1;1;1
BuildingNonResidential;1;1;1;1;1;1
Bus;1;1;1;1;1;1
Bus;1;1;1;1;1;1
Bus;1;1;1;1;1;1
Bus;1;1;1;1;1;1
Bus;1;1;1;1;1;1
Bus;1;1;1;1;1;1
Bus;1;1;1;1;1;1
Bus;1;1;1;1;1;1
Bus;1;1;1;1;1;1
Bus;1;1;1;1;1;1
Bus;1;1;1;1;1;1
Bus;1;1;1;1;1;1
Bus;1;1;1;1;1;1
Bus;1;1;1;1;1;1
Bus;1;1;1;1;1;1
Bus;1;1;1;1;1;1
Bus;1;1;1;1;1;1
Bus;1;1;1;1;1;1
Bus;1;1;1;1;1;1
Bus;1;1;1;1;1;1
Car;1;1;1;1;1;1
Car;1;1;1;1;1;1
Car;1;1;1;1;1;1
Car;1;1;1;1;1;1
Car;1;1;1;1;1;1
Car;1;1;1;1;1;1
Car;1;1;1;1;1;1
Car;1;1;1;1;1;1
Car;1;1;1;1;1;1
Car;1;1;1;1;1;1
Car;1;1;1;1;1;1
Car;1;1;1;1;1;1
Car;1;1;1;1;1;1
Car;1;1;1;1;1;1
Car;1;1;1;1;1;1
Car;1;1;1;1;1;1
Car;1;1;1;1;1;1
Car;1;1;1;1;1;1
Car;1;1;1;1;1;1
Car;1;1;1;1;1;1
Car;1;1;1;1;1;1
Car;1;1;1;1;1;1
Car;1;1;1;1;1;1
Car;1;1;1;1;1;1
Car;1;1;1;1;1;1
Car;1;1;1;1;1;1
Car;1;1;1;1;1;1
Car;1;1;1;1;1;1
Car;1;1;1;1;1;1
Car;1;1;1;1;1;1
Car;1;1;1;1;1;1
Car;1;1;1;1;1;1
Car;1;1;1;1;1;1
Car;1;1;1;1;1;1
Car;1;1;1;1;1;1
Car;1;1;1;1;1;1
Car;1;1;1;1;1;1
Car;1;1;1;1;1;1
Car;1;1;1;1;1;1
Car;1;1;1;1;1;1
Car;1;1;1;1;1;1
Car;1;1;1;1;1;1
Car;1;1;1;1;1;1
Car;1;1;1;1;1;1
Car;1;1;1;1;1;1
Car;1;1;1;1;1;1
Car;1;1;1;1;1;1
Car;1;1;1;1;1;1
Car;1;1;1;1;1;1
Car;1;1;1;1;1;1
Car;1;1;1;1;1;1
Car;1;1;1;1;1;1
Car;1;1;1;1;1;1
Car;1;1;1;1;1;1
Car;1;1;1;1;1;1
Car;1;1;1;1;1;1
Car;1;1;1;1;1;1
Car;1;1;1;1;1;1
Car;1;1;1;1;1;1
Car;1;1;1;1;1;1
Car;1;1;1;1;1;1
Car;1;1;1;1;1;1
Car;1;1;1;1;1;1
Car;1;1;1;1;1;1
Car;1;1;1;1;1;1
Car;1;1;1;1;1;1
Car;1;1;1;1;1;1
Car;1;1;1;1;1;1
Car;1;1;1;1;1;1
Car;1;1;1;1;1;1
Car;1;1;1;1;1;1
Car;1;1;1;1;1;1
Car;1;1;1;1;1;1
Car;1;1;1;1;1;1
Car;1;1;1;1;1;1
Car;1;1;1;1;1;1
Car;1;1;1;1;1;1
Car;1;1;1;1;1;1
Car;1;1;1;1;1;1
Car;1;1;1;1;1;1
Car;1;1;1;1;1;1
Car;1;1;1;1;1;1
Car;1;1;1;1;1;1
Car;1;1;1;1;1;1
Car;1;1;1;1;1;1
Car;1;1;1;1;1;1
Car;1;1;1;1;1;1
Car;1;1;1;1;1;1
Car;1;1;1;1;1;1
Cellphone;1;1;1;1;1;1
Cellphone;1;1;1;1;1;1
Cellphone;1;1;1;1;1;1
Cellphone;1;1;1;1;1;1
Cellphone;1;1;1;1;1;1
Cellphone;1;1;1;1;1;1
Cellphone;1;1;1;1;1;1
Cellphone;1;1;1;1;1;1
Cellphone;1;1;1;1;1;1
Cellphone;1;1;1;1;1;1
Cellphone;1;1;1;1;1;1
Cellphone;1;1;1;1;1;1
Cellphone;1;1;1;1;1;1
Cellphone;1;1;1;1;1;1
Cellphone;1;1;1;1;1;1
Cellphone;1;1;1;1;1;1
Cellphone;1;1;1;1;1;1
Cellphone;1;1;1;1;1;1
Cellphone;1;1;1;1;1;1
Cellphone;1;1;1;1;1;1
Chess;1;1;1;1;1;1
Chess;1;1;1;1;1;1
Chess;1;1;1;1;1;1
Chess;1;1;1;1;1;1
Chess;1;1;1;1;1;1
Chess;1;1;1;1;1;1
Chess;1;1;1;1;1;1
Chess;1;1;1;1;1;1
Chess;1;1;1;1;1;1
Chess;1;1;1;1;1;1
Chess;1;1;1;1;1;1
Chess;1;1;1;1;1;1
Chess;1;1;1;1;1;1
Chess;1;1;1;1;1;1
Chess;1;1;1;1;1;1
Chess;1;1;1;1;1;1
Chess;1;1;1;1;1;1
Chess;1;1;1;1;1;1
Chess;1;1;1;1;1;1
Chess;1;1;1;1;1;1
Chess;1;1;1;1;1;1
Chess;1;1;1;1;1;1
Chess;1;1;1;1;1;1
Chess;1;1;1;1;1;1
Chess;1;1;1;1;1;1
Chess;1;1;1;1;1;1
Chess;1;1;1;1;1;1
Chess;1;1;1;1;1;1
Chess;1;1;1;1;1;1
Chess;1;1;1;1;1;1
Chess;1;1;1;1;1;1
Chess;1;1;1;1;1;1
Chess;1;1;1;1;1;1
Chess;1;1;1;1;1;1
Chess;1;1;1;1;1;1
Chess;1;1;1;1;1;1
Chess;1;1;1;1;1;1
Chess;1;1;1;1;1;1
Chess;1;1;1;1;1;1
Chess;1;1;1;1;1;1
Chess;1;1;1;1;1;1
Chess;1;1;1;1;1;1
City;1;1;1;1;1;1
City;1;1;1;1;1;1
City;1;1;1;1;1;1
City;1;1;1;1;1;1
City;1;1;1;1;1;1
City;1;1;1;1;1;1
City;1;1;1;1;1;1
City;1;1;1;1;1;1
City;1;1;1;1;1;1
City;1;1;1;1;1;1
City;1;1;1;1;1;1
City;1;1;1;1;1;1
City;0;0;0;1;1;1
City;1;1;1;1;1;1
City;1;1;1;1;1;1
City;1;1;1;1;1;1
City;1;1;1;1;1;1
City;1;1;1;1;1;1
City;1;1;1;1;1;1
City;1;1;1;1;1;1
City;1;1;1;1;1;1
City;1;1;1;1;1;1
City;1;1;1;1;1;1
City;1;1;1;1;1;1
City;1;1;1;1;1;1
City;1;1;1;1;1;1
City;1;1;1;1;1;1
ClassicPiano;1;1;1;1;1;1
ClassicPiano;1;1;1;1;1;1
ClassicPiano;1;1;1;1;1;1
ClassicPiano;1;1;1;1;1;1
ClassicPiano;1;1;1;1;1;1
ClassicPiano;1;1;1;1;1;1
ClassicPiano;1;1;1;1;1;1
ClassicPiano;1;1;1;1;1;1
ClassicPiano;1;1;1;1;1;1
ClassicPiano;1;1;1;1;1;1
ClassicPiano;1;1;1;1;1;1
ClassicPiano;1;1;1;1;1;1
ClassicPiano;1;1;1;1;1;1
ClassicPiano;1;1;1;1;1;1
ClassicPiano;1;1;1;1;1;1
ClassicPiano;1;1;1;1;1;1
ClassicPiano;1;1;1;1;1;1
ClassicPiano;1;1;1;1;1;1
ClassicPiano;1;1;1;1;1;1
ClassicPiano;1;1;1;1;1;1
Computer;1;1;1;1;1;1
Computer;1;1;1;1;1;1
Computer;1;1;1;1;1;1
Computer;1;1;1;1;1;1
Computer;1;1;1;1;1;1
Computer;1;1;1;1;1;1
Computer;1;1;1;1;1;1
Computer;1;1;1;1;1;1
Computer;1;1;1;1;1;1
Computer;1;1;1;1;1;1
Computer;1;1;1;1;1;1
Computer;1;1;1;1;1;1
Computer;1;1;1;1;1;1
Computer;1;1;1;1;1;1
Computer;1;1;1;1;1;1
Computer;1;1;1;1;1;1
Computer;1;1;1;1;1;1
Computer;1;1;1;1;1;1
Computer;1;1;1;1;1;1
Computer;1;1;1;1;1;1
Computer;1;1;1;1;1;1
Computer;1;1;1;1;1;1
Computer;1;1;1;1;1;1
Computer;1;1;1;1;1;1
Computer;1;1;1;1;1;1
Computer;1;1;1;1;1;1
Computer;1;1;1;1;1;1
Computer;1;1;1;1;1;1
Computer;1;1;1;1;1;1
Computer;1;1;1;1;1;1
Computer;1;1;1;1;1;1
Computer;1;1;1;1;1;1
Computer;1;1;1;1;1;1
ComputerKeyboard;1;1;1;1;1;1
ComputerKeyboard;1;1;1;1;1;1
ComputerKeyboard;1;1;1;1;1;1
ComputerKeyboard;1;1;1;1;1;1
ComputerKeyboard;1;1;1;1;1;1
ComputerKeyboard;1;1;1;1;1;1
ComputerKeyboard;1;1;1;1;1;1
ComputerKeyboard;1;1;1;1;1;1
ComputerKeyboard;1;1;1;1;1;1
ComputerKeyboard;1;1;1;1;1;1
ComputerKeyboard;1;1;1;1;1;1
ComputerKeyboard;1;1;1;1;1;1
ComputerKeyboard;1;1;1;1;1;1
ComputerKeyboard;1;1;1;1;1;1
ComputerKeyboard;1;1;1;1;1;1
ComputerKeyboard;1;1;1;1;1;1
ComputerKeyboard;1;1;1;1;1;1
ComputerKeyboard;1;1;1;1;1;1
ComputerKeyboard;1;1;1;1;1;1
ComputerKeyboard;1;1;1;1;1;1
Cup;1;1;1;1;1;1
Cup;1;1;1;1;1;1
Cup;1;1;1;1;1;1
Cup;1;1;1;1;1;1
Cup;1;1;1;1;1;1
Cup;1;1;1;1;1;1
Cup;1;1;1;1;1;1
Cup;1;1;1;1;1;1
Cup;1;1;1;1;1;1
Cup;1;1;1;1;1;1
Cup;1;1;1;1;1;1
Cup;1;1;1;1;1;1
Cup;1;1;1;1;1;1
Cup;1;1;1;1;1;1
Cup;1;1;1;1;1;1
Cup;1;1;1;1;1;1
Cup;1;1;1;1;1;1
Cup;1;1;1;1;1;1
Cup;1;1;1;1;1;1
Cup;1;1;1;1;1;1
Cup;1;1;1;1;1;1
Cup;1;1;1;1;1;1
Cup;1;1;1;1;1;1
Cup;1;1;1;1;1;1
Cup;1;1;1;1;1;1
Cup;1;1;1;1;1;1
Cup;1;1;1;1;1;1
Cup;1;1;1;1;1;1
Cup;1;1;1;1;1;1
Cup;1;1;1;1;1;1
DeskLamp;1;1;1;1;1;1
DeskLamp;1;1;1;1;1;1
DeskLamp;1;1;1;1;1;1
DeskLamp;1;1;1;1;1;1
DeskLamp;1;1;1;1;1;1
DeskLamp;1;1;1;1;1;1
DeskLamp;1;1;1;1;1;1
DeskLamp;1;1;1;1;1;1
DeskLamp;1;1;1;1;1;1
DeskLamp;1;1;1;1;1;1
DeskLamp;1;1;1;1;1;1
DeskLamp;1;1;1;1;1;1
DeskLamp;1;1;1;1;1;1
DeskLamp;1;1;1;1;1;1
DeskLamp;1;1;1;1;1;1
DeskLamp;1;1;1;1;1;1
DeskLamp;1;1;1;1;1;1
DeskLamp;1;1;1;1;1;1
DeskLamp;1;1;1;1;1;1
DeskLamp;1;1;1;1;1;1
DeskLamp;1;1;1;1;1;1
DeskLamp;1;1;1;1;1;1
DeskLamp;1;1;1;1;1;1
DeskLamp;1;1;1;1;1;1
DeskLamp;1;1;1;1;1;1
DeskLamp;1;1;1;1;1;1
DeskLamp;1;1;1;1;1;1
DeskLamp;1;1;1;1;1;1
DeskLamp;1;1;1;1;1;1
DeskLamp;1;1;1;1;1;1
DeskLamp;1;1;1;1;1;1
DeskPhone;1;1;1;1;1;1
DeskPhone;1;1;1;1;1;1
DeskPhone;1;1;1;1;1;1
DeskPhone;1;1;1;1;1;1
DeskPhone;1;1;1;1;1;1
DeskPhone;1;1;1;1;1;1
DeskPhone;1;1;1;1;1;1
DeskPhone;1;1;1;1;1;1
DeskPhone;1;1;1;1;1;1
DeskPhone;1;1;1;1;1;1
DeskPhone;1;1;1;1;1;1
DeskPhone;1;1;1;1;1;1
DeskPhone;1;1;1;1;1;1
DeskPhone;1;1;1;1;1;1
DeskPhone;1;1;1;1;1;1
DeskPhone;1;1;1;1;1;1
DeskPhone;1;1;1;1;1;1
DeskPhone;1;1;1;1;1;1
DeskPhone;1;1;1;1;1;1
DeskPhone;1;1;1;1;1;1
Door;1;1;1;1;1;1
Door;1;1;1;1;1;1
Door;1;1;1;1;1;1
Door;1;1;1;1;1;1
Door;1;1;1;1;1;1
Door;1;1;1;1;1;1
Door;1;1;1;1;1;1
Door;1;1;1;1;1;1
Door;1;1;1;1;1;1
Door;1;1;1;1;1;1
Door;1;1;1;1;1;1
Door;1;1;1;1;1;1
Door;1;1;1;1;1;1
Door;1;1;1;1;1;1
Door;1;1;1;1;1;1
Door;1;1;1;1;1;1
Door;1;1;1;1;1;1
Door;1;1;1;1;1;1
Door;1;1;1;1;1;1
Door;1;1;1;1;1;1
Door;1;1;1;1;1;1
Door;1;1;1;1;1;1
Door;1;1;1;1;1;1
Door;1;1;1;1;1;1
Door;1;1;1;1;1;1
Door;1;1;1;1;1;1
Door;1;1;1;1;1;1
Door;1;1;1;1;1;1
Door;1;1;1;1;1;1
Door;1;1;1;1;1;1
Door;1;1;1;1;1;1
Door;1;1;1;1;1;1
Door;1;1;1;1;1;1
Door;1;1;1;1;1;1
Door;1;1;1;1;1;1
Door;1;1;1;1;1;1
Door;1;1;1;1;1;1
Door;1;1;1;1;1;1
Door;1;1;1;1;1;1
Door;1;1;1;1;1;1
Door;1;1;1;1;1;1
Door;1;1;1;1;1;1
Door;1;1;1;1;1;1
Door;1;1;1;1;1;1
Drum;1;1;1;1;1;1
Drum;1;1;1;1;1;1
Drum;1;1;1;1;1;1
Drum;1;1;1;1;1;1
Drum;1;1;1;1;1;1
Drum;1;1;1;1;1;1
Drum;1;1;1;1;1;1
Drum;1;1;1;1;1;1
Drum;1;1;1;1;1;1
Drum;1;1;1;1;1;1
Drum;1;1;1;1;1;1
Drum;1;1;1;1;1;1
Drum;1;1;1;1;1;1
Drum;1;1;1;1;1;1
Drum;1;1;1;1;1;1
Drum;1;1;1;1;1;1
Drum;1;1;1;1;1;1
Drum;1;1;1;1;1;1
Drum;1;1;1;1;1;1
Drum;1;1;1;1;1;1
Fish;1;1;1;1;1;1
Fish;1;1;1;1;1;1
Fish;1;1;1;1;1;1
Fish;1;1;1;1;1;1
Fish;1;1;1;1;1;1
Fish;1;1;1;1;1;1
Fish;1;1;1;1;1;1
Fish;1;1;1;1;1;1
Fish;1;1;1;1;1;1
Fish;1;1;1;1;1;1
Fish;1;1;1;1;1;1
Fish;1;1;1;1;1;1
Fish;1;1;1;1;1;1
Fish;1;1;1;1;1;1
Fish;1;1;1;1;1;1
Fish;1;1;1;1;1;1
Fish;1;1;1;1;1;1
Fish;1;1;1;1;1;1
Fish;1;1;1;1;1;1
Fish;1;1;1;1;1;1
FloorLamp;1;1;1;1;1;1
FloorLamp;1;1;1;1;1;1
FloorLamp;1;1;1;1;1;1
FloorLamp;1;1;1;1;1;1
FloorLamp;1;1;1;1;1;1
FloorLamp;1;1;1;1;1;1
FloorLamp;1;1;1;1;1;1
FloorLamp;1;1;1;1;1;1
FloorLamp;1;1;1;1;1;1
FloorLamp;1;1;1;1;1;1
FloorLamp;1;1;1;1;1;1
FloorLamp;1;1;1;1;1;1
FloorLamp;1;1;1;1;1;1
FloorLamp;1;1;1;1;1;1
FloorLamp;1;1;1;1;1;1
FloorLamp;1;1;1;1;1;1
FloorLamp;1;1;1;1;1;1
FloorLamp;1;1;1;1;1;1
FloorLamp;1;1;1;1;1;1
FloorLamp;1;1;1;1;1;1
FloorLamp;1;1;1;1;1;1
FloorLamp;1;1;1;1;1;1
FloorLamp;1;1;1;1;1;1
FloorLamp;1;1;1;1;1;1
FloorLamp;1;1;1;1;1;1
FloorLamp;1;1;1;1;1;1
FloorLamp;1;1;1;1;1;1
FloorLamp;1;1;1;1;1;1
Glasses;1;1;1;1;1;1
Glasses;1;1;1;1;1;1
Glasses;1;1;1;1;1;1
Glasses;1;1;1;1;1;1
Glasses;1;1;1;1;1;1
Glasses;1;1;1;1;1;1
Glasses;1;1;1;1;1;1
Glasses;1;1;1;1;1;1
Glasses;1;1;1;1;1;1
Glasses;1;1;1;1;1;1
Glasses;1;1;1;1;1;1
Glasses;1;1;1;1;1;1
Glasses;1;1;1;1;1;1
Glasses;1;1;1;1;1;1
Glasses;1;1;1;1;1;1
Glasses;1;1;1;1;1;1
Glasses;1;1;1;1;1;1
Glasses;1;1;1;1;1;1
Glasses;1;1;1;1;1;1
Glasses;1;1;1;1;1;1
Guitar;1;1;1;1;1;1
Guitar;1;1;1;1;1;1
Guitar;1;1;1;1;1;1
Guitar;1;1;1;1;1;1
Guitar;1;1;1;1;1;1
Guitar;1;1;1;1;1;1
Guitar;1;1;1;1;1;1
Guitar;1;1;1;1;1;1
Guitar;1;1;1;1;1;1
Guitar;1;1;1;1;1;1
Guitar;1;1;1;1;1;1
Guitar;1;1;1;1;1;1
Guitar;1;1;1;1;1;1
Guitar;1;1;1;1;1;1
Guitar;1;1;1;1;1;1
Guitar;1;1;1;1;1;1
Guitar;1;1;1;1;1;1
Guitar;1;1;1;1;1;1
Guitar;1;1;1;1;1;1
Guitar;1;1;1;1;1;1
Gun;1;1;1;1;1;1
Gun;1;1;1;1;1;1
Gun;1;1;1;1;1;1
Gun;1;1;1;1;1;1
Gun;1;1;1;1;1;1
Gun;1;1;1;1;1;1
Gun;1;1;1;1;1;1
Gun;1;1;1;1;1;1
Gun;1;1;1;1;1;1
Gun;1;1;1;1;1;1
Gun;1;1;1;1;1;1
Gun;1;1;1;1;1;1
Gun;1;1;1;1;1;1
Gun;1;1;1;1;1;1
Gun;1;1;1;1;1;1
Gun;1;1;1;1;1;1
Gun;1;1;1;1;1;1
Gun;1;1;1;1;1;1
Gun;1;1;1;1;1;1
Gun;1;1;1;1;1;1
Gun;1;1;1;1;1;1
Gun;1;1;1;1;1;1
Gun;1;1;1;1;1;1
Gun;1;1;1;1;1;1
Gun;1;1;1;1;1;1
Gun;1;1;1;1;1;1
Gun;1;1;1;1;1;1
Gun;1;1;1;1;1;1
Gun;1;1;1;1;1;1
Gun;1;1;1;1;1;1
Gun;1;1;1;1;1;1
Gun;1;1;1;1;1;1
Gun;1;1;1;1;1;1
Gun;1;1;1;1;1;1
Gun;1;1;1;1;1;1
Gun;1;1;1;1;1;1
Gun;1;1;1;1;1;1
Gun;1;1;1;1;1;1
Gun;1;1;1;1;1;1
Gun;1;1;1;1;1;1
Gun;1;1;1;1;1;1
Gun;1;1;1;1;1;1
Gun;1;1;1;1;1;1
Gun;1;1;1;1;1;1
Gun;1;1;1;1;1;1
Gun;1;1;1;1;1;1
Gun;1;1;1;1;1;1
Gun;1;1;1;1;1;1
Gun;1;1;1;1;1;1
Gun;1;1;1;1;1;1
Gun;1;1;1;1;1;1
Gun;1;1;1;1;1;1
Gun;1;1;1;1;1;1
Gun;1;1;1;1;1;1
Gun;1;1;1;1;1;1
Gun;1;1;1;1;1;1
Gun;1;1;1;1;1;1
Gun;1;1;1;1;1;1
Hand;1;1;1;1;1;1
Hand;1;1;1;1;1;1
Hand;1;1;1;1;1;1
Hand;1;1;1;1;1;1
Hand;1;1;1;1;1;1
Hand;1;1;1;1;1;1
Hand;1;1;1;1;1;1
Hand;1;1;1;1;1;1
Hand;1;1;1;1;1;1
Hand;1;1;1;1;1;1
Hand;1;1;1;1;1;1
Hand;1;1;1;1;1;1
Hand;1;1;1;1;1;1
Hand;1;1;1;1;1;1
Hand;1;1;1;1;1;1
Hand;1;1;1;1;1;1
Hand;1;1;1;1;1;1
Hand;1;1;1;1;1;1
Hand;1;1;1;1;1;1
Hand;1;1;1;1;1;1
Hand;1;1;1;1;1;1
Hand;1;1;1;1;1;1
Hand;1;1;1;1;1;1
Hand;1;1;1;1;1;1
Hand;1;1;1;1;1;1
Hand;1;1;1;1;1;1
Hand;1;1;1;1;1;1
Hand;1;1;1;1;1;1
Hand;1;1;1;1;1;1
Hand;1;1;1;1;1;1
Hand;1;1;1;1;1;1
Hand;1;1;1;1;1;1
Hand;1;1;1;1;1;1
Hand;1;1;1;1;1;1
Hand;1;1;1;1;1;1
Hand;1;1;1;1;1;1
Hand;1;1;1;1;1;1
Hat;1;1;1;1;1;1
Hat;1;1;1;1;1;1
Hat;1;1;1;1;1;1
Hat;1;1;1;1;1;1
Hat;1;1;1;1;1;1
Hat;1;1;1;1;1;1
Hat;1;1;1;1;1;1
Hat;1;1;1;1;1;1
Hat;1;1;1;1;1;1
Hat;1;1;1;1;1;1
Hat;1;1;1;1;1;1
Hat;1;1;1;1;1;1
Hat;1;1;1;1;1;1
Hat;1;1;1;1;1;1
Hat;1;1;1;1;1;1
Helicopter;1;1;1;1;1;1
Helicopter;1;1;1;1;1;1
Helicopter;1;1;1;1;1;1
Helicopter;1;1;1;1;1;1
Helicopter;1;1;1;1;1;1
Helicopter;1;1;1;1;1;1
Helicopter;1;1;1;1;1;1
Helicopter;1;1;1;1;1;1
Helicopter;1;1;1;1;1;1
Helicopter;1;1;1;1;1;1
Helicopter;1;1;1;1;1;1
Helicopter;1;1;1;1;1;1
Helicopter;1;1;1;1;1;1
Helicopter;1;1;1;1;1;1
Helicopter;1;1;1;1;1;1
Helicopter;1;1;1;1;1;1
Helicopter;1;1;1;1;1;1
Helicopter;1;1;1;1;1;1
Helicopter;1;1;1;1;1;1
Helicopter;1;1;1;1;1;1
Helicopter;1;1;1;1;1;1
Helicopter;1;1;1;1;1;1
Helicopter;1;1;1;1;1;1
Helicopter;1;1;1;1;1;1
Helicopter;1;1;1;1;1;1
Helicopter;1;1;1;1;1;1
Helicopter;1;1;1;1;1;1
Helicopter;1;1;1;1;1;1
Helicopter;1;1;1;1;1;1
Helicopter;1;1;1;1;1;1
Helicopter;1;1;1;1;1;1
Helicopter;1;1;1;1;1;1
Helicopter;1;1;1;1;1;1
Helicopter;1;1;1;1;1;1
Helicopter;1;1;1;1;1;1
Helicopter;1;1;1;1;1;1
Helicopter;1;1;1;1;1;1
Helicopter;1;1;1;1;1;1
Helicopter;1;1;1;1;1;1
Helicopter;1;1;1;1;1;1
Helicopter;1;1;1;1;1;1
Helicopter;1;1;1;1;1;1
Helicopter;1;1;1;1;1;1
Helicopter;1;1;1;1;1;1
Helicopter;1;1;1;1;1;1
Helicopter;1;1;1;1;1;1
Helicopter;1;1;1;1;1;1
Helicopter;1;1;1;1;1;1
Helicopter;1;1;1;1;1;1
Helicopter;1;1;1;1;1;1
Helicopter;1;1;1;1;1;1
House;1;1;1;1;1;1
House;1;1;1;1;1;1
House;1;1;1;1;1;1
House;1;1;1;1;1;1
House;1;1;1;1;1;1
House;1;1;1;1;1;1
House;1;1;1;1;1;1
House;0;0;0;1;1;1
House;1;1;1;1;1;1
House;1;1;1;1;1;1
House;1;1;1;1;1;1
House;1;1;1;1;1;1
House;1;1;1;1;1;1
House;1;1;1;1;1;1
House;1;1;1;1;1;1
House;1;1;1;1;1;1
House;1;1;1;1;1;1
House;1;1;1;1;1;1
House;1;1;1;1;1;1
House;1;1;1;1;1;1
House;1;1;1;1;1;1
House;1;1;1;1;1;1
House;1;1;1;1;1;1
House;1;1;1;1;1;1
House;1;1;1;1;1;1
House;1;1;1;1;1;1
House;1;1;1;1;1;1
House;1;1;1;1;1;1
House;1;1;1;1;1;1
House;1;1;1;1;1;1
House;1;1;1;1;1;1
House;1;1;1;1;1;1
House;1;1;1;1;1;1
House;1;1;1;1;1;1
House;1;1;1;1;1;1
House;1;1;1;1;1;1
House;1;1;1;1;1;1
House;1;1;1;1;1;1
House;1;1;1;1;1;1
House;1;1;1;1;1;1
House;1;1;1;1;1;1
House;1;1;1;1;1;1
House;1;1;1;1;1;1
House;1;1;1;1;1;1
House;1;1;1;1;1;1
House;1;1;1;1;1;1
HumanHead;1;1;1;1;1;1
HumanHead;1;1;1;1;1;1
HumanHead;1;1;1;1;1;1
HumanHead;1;1;1;1;1;1
HumanHead;1;1;1;1;1;1
HumanHead;1;1;1;1;1;1
HumanHead;1;1;1;1;1;1
HumanHead;1;1;1;1;1;1
HumanHead;1;1;1;1;1;1
HumanHead;1;1;1;1;1;1
HumanHead;1;1;1;1;1;1
HumanHead;1;1;1;1;1;1
HumanHead;1;1;1;1;1;1
HumanHead;1;1;1;1;1;1
HumanHead;1;1;1;1;1;1
HumanHead;1;1;1;1;1;1
HumanHead;1;1;1;1;1;1
HumanHead;1;1;1;1;1;1
HumanHead;1;1;1;1;1;1
HumanHead;1;1;1;1;1;1
HumanHead;1;1;1;1;1;1
HumanHead;1;1;1;1;1;1
HumanHead;1;1;1;1;1;1
HumanHead;1;1;1;1;1;1
HumanHead;1;1;1;1;1;1
HumanHead;1;1;1;1;1;1
HumanHead;1;1;1;1;1;1
HumanHead;1;1;1;1;1;1
HumanHead;1;1;1;1;1;1
HumanHead;1;1;1;1;1;1
HumanHead;1;1;1;1;1;1
HumanHead;1;1;1;1;1;1
HumanHead;1;1;1;1;1;1
HumanHead;1;1;1;1;1;1
HumanHead;1;1;1;1;1;1
HumanHead;1;1;1;1;1;1
HumanHead;1;1;1;1;1;1
HumanHead;1;1;1;1;1;1
HumanHead;1;1;1;1;1;1
HumanHead;1;1;1;1;1;1
HumanHead;1;1;1;1;1;1
HumanHead;1;1;1;1;1;1
HumanHead;1;1;1;1;1;1
HumanHead;1;1;1;1;1;1
HumanHead;1;1;1;1;1;1
HumanHead;1;1;1;1;1;1
HumanHead;1;1;1;1;1;1
HumanHead;1;1;1;1;1;1
HumanHead;1;1;1;1;1;1
HumanHead;1;1;1;1;1;1
HumanHead;1;1;1;1;1;1
Humanoid;1;1;1;1;1;1
Humanoid;1;1;1;1;1;1
Humanoid;1;1;1;1;1;1
Humanoid;1;1;1;1;1;1
Humanoid;1;1;1;1;1;1
Humanoid;1;1;1;1;1;1
Humanoid;1;1;1;1;1;1
Humanoid;1;1;1;1;1;1
Humanoid;1;1;1;1;1;1
Humanoid;1;1;1;1;1;1
Humanoid;1;1;1;1;1;1
Humanoid;1;1;1;1;1;1
Humanoid;1;1;1;1;1;1
Humanoid;1;1;1;1;1;1
Humanoid;1;1;1;1;1;1
Humanoid;1;1;1;1;1;1
Humanoid;1;1;1;1;1;1
Humanoid;1;1;1;1;1;1
Humanoid;1;1;1;1;1;1
Humanoid;1;1;1;1;1;1
Humanoid;1;1;1;1;1;1
Humanoid;1;1;1;1;1;1
Humanoid;1;1;1;1;1;1
Humanoid;1;1;1;1;1;1
Humanoid;1;1;1;1;1;1
Humanoid;1;1;1;1;1;1
Humanoid;1;1;1;1;1;1
Humanoid;1;1;1;1;1;1
Humanoid;1;1;1;1;1;1
Humanoid;1;1;1;1;1;1
Humanoid;1;1;1;1;1;1
Humanoid;1;1;1;1;1;1
Humanoid;1;1;1;1;1;1
Humanoid;1;1;1;1;1;1
Humanoid;1;1;1;1;1;1
Humanoid;1;1;1;1;1;1
Humanoid;1;1;1;1;1;1
Humanoid;1;1;1;1;1;1
Humanoid;1;1;1;1;1;1
Humanoid;1;1;1;1;1;1
Humanoid;1;1;1;1;1;1
Humanoid;1;1;1;1;1;1
Humanoid;1;1;1;1;1;1
Humanoid;1;1;1;1;1;1
Humanoid;1;1;1;1;1;1
Humanoid;1;1;1;1;1;1
Humanoid;1;1;1;1;1;1
Humanoid;1;1;1;1;1;1
Humanoid;1;1;1;1;1;1
Humanoid;1;1;1;1;1;1
Humanoid;1;1;1;1;1;1
Humanoid;1;1;1;1;1;1
Humanoid;1;1;1;1;1;1
Humanoid;1;1;1;1;1;1
Humanoid;1;1;1;1;1;1
Humanoid;1;1;1;1;1;1
Humanoid;1;1;1;1;1;1
Humanoid;1;1;1;1;1;1
Humanoid;1;1;1;1;1;1
Humanoid;1;1;1;1;1;1
Humanoid;1;1;1;1;1;1
Humanoid;1;1;1;1;1;1
Humanoid;1;1;1;1;1;1
Humanoid;1;1;1;1;1;1
Humanoid;1;1;1;1;1;1
Humanoid;1;1;1;1;1;1
Humanoid;1;1;1;1;1;1
Humanoid;1;1;1;1;1;1
Humanoid;1;1;1;1;1;1
Humanoid;1;1;1;1;1;1
Humanoid;1;1;1;1;1;1
Humanoid;1;1;1;1;1;1
Humanoid;1;1;1;1;1;1
Humanoid;1;1;1;1;1;1
Humanoid;1;1;1;1;1;1
Humanoid;1;1;1;1;1;1
Humanoid;1;1;1;1;1;1
Humanoid;1;1;1;1;1;1
Humanoid;1;1;1;1;1;1
Humanoid;1;1;1;1;1;1
Humanoid;1;1;1;1;1;1
Humanoid;1;1;1;1;1;1
Humanoid;1;1;1;1;1;1
Humanoid;1;1;1;1;1;1
Humanoid;1;1;1;1;1;1
Humanoid;1;1;1;1;1;1
Humanoid;1;1;1;1;1;1
Humanoid;1;1;1;1;1;1
Humanoid;1;1;1;1;1;1
Humanoid;1;1;1;1;1;1
Humanoid;1;1;1;1;1;1
Humanoid;1;1;1;1;1;1
Humanoid;1;1;1;1;1;1
Humanoid;1;1;1;1;1;1
Humanoid;1;1;1;1;1;1
Humanoid;1;1;1;1;1;1
Humanoid;1;1;1;1;1;1
Humanoid;1;1;1;1;1;1
Humanoid;1;1;1;1;1;1
Humanoid;1;1;1;1;1;1
Humanoid;1;1;1;1;1;1
Humanoid;1;1;1;1;1;1
Humanoid;1;1;1;1;1;1
Humanoid;1;1;1;1;1;1
Humanoid;1;1;1;1;1;1
Humanoid;1;1;1;1;1;1
Humanoid;1;1;1;1;1;1
Humanoid;1;1;1;1;1;1
Humanoid;1;1;1;1;1;1
Humanoid;1;1;1;1;1;1
Humanoid;1;1;1;1;1;1
Humanoid;1;1;1;1;1;1
Humanoid;1;1;1;1;1;1
Humanoid;1;1;1;1;1;1
Humanoid;1;1;1;1;1;1
Humanoid;1;1;1;1;1;1
Humanoid;1;1;1;1;1;1
Humanoid;1;1;1;1;1;1
Humanoid;1;1;1;1;1;1
Humanoid;1;1;1;1;1;1
Humanoid;1;1;1;1;1;1
Humanoid;1;1;1;1;1;1
Humanoid;1;1;1;1;1;1
Humanoid;1;1;1;1;1;1
Humanoid;1;1;1;1;1;1
Humanoid;1;1;1;1;1;1
Humanoid;1;1;1;1;1;1
Humanoid;1;1;1;1;1;1
Humanoid;1;1;1;1;1;1
Humanoid;1;1;1;1;1;1
Humanoid;1;1;1;1;1;1
Humanoid;1;1;1;1;1;1
Humanoid;1;1;1;1;1;1
Humanoid;1;1;1;1;1;1
Humanoid;1;1;1;1;1;1
Humanoid;1;1;1;1;1;1
Humanoid;1;1;1;1;1;1
Humanoid;1;1;1;1;1;1
Humanoid;1;1;1;1;1;1
Humanoid;1;1;1;1;1;1
Humanoid;1;1;1;1;1;1
Humanoid;1;1;1;1;1;1
Insect;1;1;1;1;1;1
Insect;1;1;1;1;1;1
Insect;1;1;1;1;1;1
Insect;1;1;1;1;1;1
Insect;1;1;1;1;1;1
Insect;1;1;1;1;1;1
Insect;1;1;1;1;1;1
Insect;1;1;1;1;1;1
Insect;1;1;1;1;1;1
Insect;1;1;1;1;1;1
Insect;1;1;1;1;1;1
Insect;1;1;1;1;1;1
Insect;1;1;1;1;1;1
Insect;1;1;1;1;1;1
Insect;1;1;1;1;1;1
Insect;1;1;1;1;1;1
Insect;1;1;1;1;1;1
Insect;1;1;1;1;1;1
Insect;1;1;1;1;1;1
Insect;1;1;1;1;1;1
Insect;1;1;1;1;1;1
Insect;1;1;1;1;1;1
Insect;1;1;1;1;1;1
Insect;1;1;1;1;1;1
Insect;1;1;1;1;1;1
Insect;1;1;1;1;1;1
Insect;1;1;1;1;1;1
Insect;1;1;1;1;1;1
Insect;1;1;1;1;1;1
Insect;1;1;1;1;1;1
Insect;1;1;1;1;1;1
Insect;1;1;1;1;1;1
Insect;1;1;1;1;1;1
Insect;1;1;1;1;1;1
Insect;1;1;1;1;1;1
Insect;1;1;1;1;1;1
Insect;1;1;1;1;1;1
Insect;1;1;1;1;1;1
Insect;1;1;1;1;1;1
Insect;1;1;1;1;1;1
Insect;1;1;1;1;1;1
Insect;1;1;1;1;1;1
Insect;1;1;1;1;1;1
Insect;1;1;1;1;1;1
Insect;1;1;1;1;1;1
Insect;1;1;1;1;1;1
Insect;1;1;1;1;1;1
Insect;1;1;1;1;1;1
Insect;1;1;1;1;1;1
Insect;1;1;1;1;1;1
Insect;1;1;1;1;1;1
Insect;1;1;1;1;1;1
Insect;1;1;1;1;1;1
Insect;1;1;1;1;1;1
Insect;1;1;1;1;1;1
Insect;1;1;1;1;1;1
Insect;1;1;1;1;1;1
Insect;1;1;1;1;1;1
Insect;1;1;1;1;1;1
Insect;1;1;1;1;1;1
Insect;1;1;1;1;1;1
Insect;1;1;1;1;1;1
Insect;1;1;1;1;1;1
Insect;1;1;1;1;1;1
Insect;1;1;1;1;1;1
Insect;1;1;1;1;1;1
Jet;1;1;1;1;1;1
Jet;1;1;1;1;1;1
Jet;1;1;1;1;1;1
Jet;1;1;1;1;1;1
Jet;1;1;1;1;1;1
Jet;1;1;1;1;1;1
Jet;1;1;1;1;1;1
Jet;1;1;1;1;1;1
Jet;1;1;1;1;1;1
Jet;1;1;1;1;1;1
Jet;1;1;1;1;1;1
Jet;1;1;1;1;1;1
Jet;1;1;1;1;1;1
Jet;1;1;1;1;1;1
Jet;1;1;1;1;1;1
Jet;1;1;1;1;1;1
Jet;1;1;1;1;1;1
Jet;1;1;1;1;1;1
Jet;1;1;1;1;1;1
Jet;1;1;1;1;1;1
Jet;1;1;1;1;1;1
Jet;1;1;1;1;1;1
Jet;1;1;1;1;1;1
Jet;1;1;1;1;1;1
Jet;1;1;1;1;1;1
Jet;1;1;1;1;1;1
Jet;1;1;1;1;1;1
Jet;1;1;1;1;1;1
Jet;1;1;1;1;1;1
Jet;1;1;1;1;1;1
Jet;1;1;1;1;1;1
Jet;1;1;1;1;1;1
Jet;1;1;1;1;1;1
Jet;1;1;1;1;1;1
Jet;1;1;1;1;1;1
Jet;1;1;1;1;1;1
Jet;1;1;1;1;1;1
Jet;1;1;1;1;1;1
Jet;1;1;1;1;1;1
Jet;1;1;1;1;1;1
Jet;1;1;1;1;1;1
Jet;1;1;1;1;1;1
Jet;1;1;1;1;1;1
Jet;1;1;1;1;1;1
Jet;1;1;1;1;1;1
Jet;1;1;1;1;1;1
Jet;1;1;1;1;1;1
Jet;1;1;1;1;1;1
Jet;1;1;1;1;1;1
Jet;1;1;1;1;1;1
Jet;1;1;1;1;1;1
Jet;1;1;1;1;1;1
Jet;1;1;1;1;1;1
Jet;1;1;1;1;1;1
Jet;1;1;1;1;1;1
Jet;1;1;1;1;1;1
Jet;1;1;1;1;1;1
Jet;1;1;1;1;1;1
Jet;1;1;1;1;1;1
Jet;1;1;1;1;1;1
Jet;1;1;1;1;1;1
Jet;1;1;1;1;1;1
Jet;1;1;1;1;1;1
Jet;1;1;1;1;1;1
Jet;1;1;1;1;1;1
Jet;1;1;1;1;1;1
Jet;1;1;1;1;1;1
Jet;1;1;1;1;1;1
Jet;1;1;1;1;1;1
Jet;1;1;1;1;1;1
Jet;1;1;1;1;1;1
Jet;1;1;1;1;1;1
Jet;1;1;1;1;1;1
Jet;1;1;1;1;1;1
Jet;1;1;1;1;1;1
Jet;1;1;1;1;1;1
Jet;1;1;1;1;1;1
Jet;1;1;1;1;1;1
Jet;1;1;1;1;1;1
Jet;1;1;1;1;1;1
Jet;1;1;1;1;1;1
Jet;1;1;1;1;1;1
Jet;1;1;1;1;1;1
Jet;1;1;1;1;1;1
Jet;1;1;1;1;1;1
Jet;1;1;1;1;1;1
Jet;1;1;1;1;1;1
Jet;1;1;1;1;1;1
Jet;1;1;1;1;1;1
Jet;1;1;1;1;1;1
Jet;1;1;1;1;1;1
Jet;1;1;1;1;1;1
Jet;1;1;1;1;1;1
Jet;1;1;1;1;1;1
Jet;1;1;1;1;1;1
Jet;1;1;1;1;1;1
Jet;1;1;1;1;1;1
Jet;1;1;1;1;1;1
Jet;1;1;1;1;1;1
Jet;1;1;1;1;1;1
Jet;1;1;1;1;1;1
Jet;1;1;1;1;1;1
Jet;1;1;1;1;1;1
Jet;1;1;1;1;1;1
Jet;1;1;1;1;1;1
Jet;1;1;1;1;1;1
Jet;1;1;1;1;1;1
Jet;1;1;1;1;1;1
Jet;1;1;1;1;1;1
Jet;1;1;1;1;1;1
Jet;1;1;1;1;1;1
Jet;1;1;1;1;1;1
Jet;1;1;1;1;1;1
Jet;1;1;1;1;1;1
Jet;1;1;1;1;1;1
Jet;1;1;1;1;1;1
Jet;1;1;1;1;1;1
Jet;1;1;1;1;1;1
Jet;1;1;1;1;1;1
Jet;1;1;1;1;1;1
Jet;1;1;1;1;1;1
Jet;1;1;1;1;1;1
Jet;1;1;1;1;1;1
Jet;1;1;1;1;1;1
Jet;1;1;1;1;1;1
Jet;1;1;1;1;1;1
Jet;1;1;1;1;1;1
Jet;1;1;1;1;1;1
Jet;1;1;1;1;1;1
Jet;1;1;1;1;1;1
Jet;1;1;1;1;1;1
Jet;1;1;1;1;1;1
Jet;1;1;1;1;1;1
Jet;1;1;1;1;1;1
Jet;1;1;1;1;1;1
Jet;1;1;1;1;1;1
Jet;1;1;1;1;1;1
Jet;1;1;1;1;1;1
Jet;1;1;1;1;1;1
Jet;1;1;1;1;1;1
Jet;1;1;1;1;1;1
Jet;1;1;1;1;1;1
Jet;1;1;1;1;1;1
Knife;1;1;1;1;1;1
Knife;1;1;1;1;1;1
Knife;1;1;1;1;1;1
Knife;1;1;1;1;1;1
Knife;1;1;1;1;1;1
Knife;1;1;1;1;1;1
Knife;1;1;1;1;1;1
Knife;1;1;1;1;1;1
Knife;1;1;1;1;1;1
Knife;1;1;1;1;1;1
Knife;1;1;1;1;1;1
Knife;1;1;1;1;1;1
Knife;1;1;1;1;1;1
Knife;1;1;1;1;1;1
Knife;1;1;1;1;1;1
Knife;1;1;1;1;1;1
Knife;1;1;1;1;1;1
Knife;1;1;1;1;1;1
Knife;1;1;1;1;1;1
Knife;1;1;1;1;1;1
Knife;1;1;1;1;1;1
Knife;1;1;1;1;1;1
Knife;1;1;1;1;1;1
Knife;1;1;1;1;1;1
Knife;1;1;1;1;1;1
Knife;1;1;1;1;1;1
Knife;1;1;1;1;1;1
MilitaryVehicle;1;1;1;1;1;1
MilitaryVehicle;1;1;1;1;1;1
MilitaryVehicle;1;1;1;1;1;1
MilitaryVehicle;1;1;1;1;1;1
MilitaryVehicle;1;1;1;1;1;1
MilitaryVehicle;1;1;1;1;1;1
MilitaryVehicle;1;1;1;1;1;1
MilitaryVehicle;1;1;1;1;1;1
MilitaryVehicle;1;1;1;1;1;1
MilitaryVehicle;1;1;1;1;1;1
MilitaryVehicle;1;1;1;1;1;1
MilitaryVehicle;1;1;1;1;1;1
MilitaryVehicle;1;1;1;1;1;1
MilitaryVehicle;1;1;1;1;1;1
MilitaryVehicle;1;1;1;1;1;1
MilitaryVehicle;1;1;1;1;1;1
MilitaryVehicle;1;1;1;1;1;1
MilitaryVehicle;1;1;1;1;1;1
MilitaryVehicle;1;1;1;1;1;1
MilitaryVehicle;1;1;1;1;1;1
Monitor;1;1;1;1;1;1
Monitor;1;1;1;1;1;1
Monitor;1;1;1;1;1;1
Monitor;1;1;1;1;1;1
Monitor;1;1;1;1;1;1
Monitor;1;1;1;1;1;1
Monitor;1;1;1;1;1;1
Monitor;1;1;1;1;1;1
Monitor;1;1;1;1;1;1
Monitor;1;1;1;1;1;1
Monitor;1;1;1;1;1;1
Monitor;1;1;1;1;1;1
Monitor;1;1;1;1;1;1
Monitor;1;1;1;1;1;1
Monitor;1;1;1;1;1;1
Monitor;1;1;1;1;1;1
Monitor;1;1;1;1;1;1
Monitor;1;1;1;1;1;1
Monitor;1;1;1;1;1;1
Monitor;1;1;1;1;1;1
Monoplane;1;1;1;1;1;1
Monoplane;1;1;1;1;1;1
Monoplane;1;1;1;1;1;1
Monoplane;1;1;1;1;1;1
Monoplane;1;1;1;1;1;1
Monoplane;1;1;1;1;1;1
Monoplane;1;1;1;1;1;1
Monoplane;1;1;1;1;1;1
Monoplane;1;1;1;1;1;1
Monoplane;1;1;1;1;1;1
Monoplane;1;1;1;1;1;1
Monoplane;1;1;1;1;1;1
Monoplane;1;1;1;1;1;1
Monoplane;1;1;1;1;1;1
Monoplane;1;1;1;1;1;1
Monoplane;1;1;1;1;1;1
Monoplane;1;1;1;1;1;1
Monoplane;1;1;1;1;1;1
Monoplane;1;1;1;1;1;1
Monoplane;1;1;1;1;1;1
Motorcycle;1;1;1;1;1;1
Motorcycle;1;1;1;1;1;1
Motorcycle;1;1;1;1;1;1
Motorcycle;1;1;1;1;1;1
Motorcycle;1;1;1;1;1;1
Motorcycle;1;1;1;1;1;1
Motorcycle;1;1;1;1;1;1
Motorcycle;1;1;1;1;1;1
Motorcycle;1;1;1;1;1;1
Motorcycle;1;1;1;1;1;1
Motorcycle;1;1;1;1;1;1
Motorcycle;1;1;1;1;1;1
Motorcycle;1;1;1;1;1;1
Motorcycle;1;1;1;1;1;1
Motorcycle;1;1;1;1;1;1
Motorcycle;1;1;1;1;1;1
Motorcycle;1;1;1;1;1;1
Motorcycle;1;1;1;1;1;1
Motorcycle;1;1;1;1;1;1
Motorcycle;1;1;1;1;1;1
Motorcycle;1;1;1;1;1;1
Motorcycle;1;1;1;1;1;1
Motorcycle;1;1;1;1;1;1
Motorcycle;1;1;1;1;1;1
Motorcycle;1;1;1;1;1;1
Motorcycle;1;1;1;1;1;1
Mug;1;1;1;1;1;1
Mug;1;1;1;1;1;1
Mug;1;1;1;1;1;1
Mug;1;1;1;1;1;1
Mug;1;1;1;1;1;1
Mug;1;1;1;1;1;1
Mug;1;1;1;1;1;1
Mug;1;1;1;1;1;1
Mug;1;1;1;1;1;1
Mug;1;1;1;1;1;1
Mug;1;1;1;1;1;1
Mug;1;1;1;1;1;1
Mug;1;1;1;1;1;1
Mug;1;1;1;1;1;1
Mug;1;1;1;1;1;1
Mug;1;1;1;1;1;1
Mug;1;1;1;1;1;1
Mug;1;1;1;1;1;1
Mug;1;1;1;1;1;1
Mug;1;1;1;1;1;1
Mug;1;1;1;1;1;1
Mug;1;1;1;1;1;1
Mug;1;1;1;1;1;1
Mug;1;1;1;1;1;1
Mug;1;1;1;1;1;1
Mug;1;1;1;1;1;1
MultiSeat;1;1;1;1;1;1
MultiSeat;1;1;1;1;1;1
MultiSeat;1;1;1;1;1;1
MultiSeat;1;1;1;1;1;1
MultiSeat;1;1;1;1;1;1
MultiSeat;1;1;1;1;1;1
MultiSeat;1;1;1;1;1;1
MultiSeat;1;1;1;1;1;1
MultiSeat;1;1;1;1;1;1
MultiSeat;1;1;1;1;1;1
MultiSeat;1;1;1;1;1;1
MultiSeat;1;1;1;1;1;1
MultiSeat;1;1;1;1;1;1
MultiSeat;1;1;1;1;1;1
MultiSeat;1;1;1;1;1;1
MultiSeat;1;1;1;1;1;1
MultiSeat;1;1;1;1;1;1
MultiSeat;1;1;1;1;1;1
MultiSeat;1;1;1;1;1;1
MultiSeat;1;1;1;1;1;1
MultiSeat;1;1;1;1;1;1
MultiSeat;1;1;1;1;1;1
MultiSeat;1;1;1;1;1;1
MultiSeat;1;1;1;1;1;1
MultiSeat;1;1;1;1;1;1
MultiSeat;1;1;1;1;1;1
MultiSeat;1;1;1;1;1;1
MultiSeat;1;1;1;1;1;1
MultiSeat;1;1;1;1;1;1
MultiSeat;1;1;1;1;1;1
MultiSeat;1;1;1;1;1;1
MultiSeat;1;1;1;1;1;1
MultiSeat;1;1;1;1;1;1
MultiSeat;1;1;1;1;1;1
MultiSeat;1;1;1;1;1;1
MultiSeat;1;1;1;1;1;1
MultiSeat;1;1;1;1;1;1
MultiSeat;1;1;1;1;1;1
MultiSeat;1;1;1;1;1;1
MultiSeat;1;1;1;1;1;1
MultiSeat;1;1;1;1;1;1
MultiSeat;1;1;1;1;1;1
MultiSeat;1;1;1;1;1;1
MultiSeat;1;1;1;1;1;1
MultiSeat;1;1;1;1;1;1
Musical_Instrument;1;1;1;1;1;1
Musical_Instrument;1;1;1;1;1;1
Musical_Instrument;1;1;1;1;1;1
Musical_Instrument;1;1;1;1;1;1
Musical_Instrument;1;1;1;1;1;1
Musical_Instrument;1;1;1;1;1;1
Musical_Instrument;1;1;1;1;1;1
Musical_Instrument;1;1;1;1;1;1
Musical_Instrument;1;1;1;1;1;1
Musical_Instrument;1;1;1;1;1;1
Musical_Instrument;1;1;1;1;1;1
Musical_Instrument;1;1;1;1;1;1
Musical_Instrument;1;1;1;1;1;1
Musical_Instrument;1;1;1;1;1;1
Musical_Instrument;1;1;1;1;1;1
Musical_Instrument;1;1;1;1;1;1
Musical_Instrument;1;1;1;1;1;1
Musical_Instrument;1;1;1;1;1;1
Musical_Instrument;1;1;1;1;1;1
Musical_Instrument;1;1;1;1;1;1
Musical_Instrument;1;1;1;1;1;1
NonWheelChair;1;1;1;1;1;1
NonWheelChair;1;1;1;1;1;1
NonWheelChair;1;1;1;1;1;1
NonWheelChair;1;1;1;1;1;1
NonWheelChair;1;1;1;1;1;1
NonWheelChair;1;1;1;1;1;1
NonWheelChair;1;1;1;1;1;1
NonWheelChair;1;1;1;1;1;1
NonWheelChair;1;1;1;1;1;1
NonWheelChair;1;1;1;1;1;1
NonWheelChair;1;1;1;1;1;1
NonWheelChair;1;1;1;1;1;1
NonWheelChair;1;1;1;1;1;1
NonWheelChair;1;1;1;1;1;1
NonWheelChair;1;1;1;1;1;1
NonWheelChair;1;1;1;1;1;1
NonWheelChair;1;1;1;1;1;1
NonWheelChair;1;1;1;1;1;1
NonWheelChair;1;1;1;1;1;1
NonWheelChair;1;1;1;1;1;1
NonWheelChair;1;1;1;1;1;1
NonWheelChair;1;1;1;1;1;1
NonWheelChair;1;1;1;1;1;1
NonWheelChair;1;1;1;1;1;1
NonWheelChair;1;1;1;1;1;1
NonWheelChair;1;1;1;1;1;1
NonWheelChair;1;1;1;1;1;1
NonWheelChair;1;1;1;1;1;1
NonWheelChair;1;1;1;1;1;1
NonWheelChair;1;1;1;1;1;1
NonWheelChair;1;1;1;1;1;1
NonWheelChair;1;1;1;1;1;1
NonWheelChair;1;1;1;1;1;1
NonWheelChair;1;1;1;1;1;1
NonWheelChair;1;1;1;1;1;1
NonWheelChair;1;1;1;1;1;1
NonWheelChair;1;1;1;1;1;1
NonWheelChair;1;1;1;1;1;1
NonWheelChair;1;1;1;1;1;1
NonWheelChair;1;1;1;1;1;1
NonWheelChair;1;1;1;1;1;1
NonWheelChair;1;1;1;1;1;1
NonWheelChair;1;1;1;1;1;1
NonWheelChair;1;1;1;1;1;1
NonWheelChair;1;1;1;1;1;1
NonWheelChair;1;1;1;1;1;1
NonWheelChair;1;1;1;1;1;1
NonWheelChair;1;1;1;1;1;1
NonWheelChair;1;1;1;1;1;1
NonWheelChair;1;1;1;1;1;1
NonWheelChair;1;1;1;1;1;1
NonWheelChair;1;1;1;1;1;1
NonWheelChair;1;1;1;1;1;1
NonWheelChair;1;1;1;1;1;1
NonWheelChair;1;1;1;1;1;1
NonWheelChair;1;1;1;1;1;1
NonWheelChair;1;1;1;1;1;1
NonWheelChair;1;1;1;1;1;1
NonWheelChair;1;1;1;1;1;1
NonWheelChair;1;1;1;1;1;1
PianoBoard;1;1;1;1;1;1
PianoBoard;1;1;1;1;1;1
PianoBoard;1;1;1;1;1;1
PianoBoard;1;1;1;1;1;1
PianoBoard;1;1;1;1;1;1
PianoBoard;1;1;1;1;1;1
PianoBoard;1;1;1;1;1;1
PianoBoard;1;1;1;1;1;1
PianoBoard;1;1;1;1;1;1
PianoBoard;1;1;1;1;1;1
PianoBoard;1;1;1;1;1;1
PianoBoard;1;1;1;1;1;1
PianoBoard;1;1;1;1;1;1
PianoBoard;1;1;1;1;1;1
PianoBoard;1;1;1;1;1;1
PianoBoard;1;1;1;1;1;1
PianoBoard;1;1;1;1;1;1
PianoBoard;1;1;1;1;1;1
PianoBoard;1;1;1;1;1;1
PianoBoard;1;1;1;1;1;1
PlantIndoors;1;1;1;1;1;1
PlantIndoors;1;1;1;1;1;1
PlantIndoors;0;0;0;1;1;1
PlantIndoors;1;1;1;1;1;1
PlantIndoors;1;1;1;1;1;1
PlantIndoors;1;1;1;1;1;1
PlantIndoors;1;1;1;1;1;1
PlantIndoors;1;1;1;1;1;1
PlantIndoors;1;1;1;1;1;1
PlantIndoors;1;1;1;1;1;1
PlantIndoors;1;1;1;1;1;1
PlantIndoors;1;1;1;1;1;1
PlantIndoors;1;1;1;1;1;1
PlantIndoors;1;1;1;1;1;1
PlantIndoors;1;1;1;1;1;1
PlantIndoors;1;1;1;1;1;1
PlantIndoors;1;1;1;1;1;1
PlantIndoors;1;1;1;1;1;1
PlantIndoors;1;1;1;1;1;1
PlantIndoors;1;1;1;1;1;1
PlantIndoors;1;1;1;1;1;1
PlantIndoors;1;1;1;1;1;1
PlantIndoors;1;1;1;1;1;1
PlantIndoors;1;1;1;1;1;1
PlantIndoors;1;1;1;1;1;1
PlantIndoors;1;1;1;1;1;1
PlantIndoors;1;1;1;1;1;1
PlantIndoors;1;1;1;1;1;1
PlantIndoors;1;1;1;1;1;1
PlantIndoors;1;1;1;1;1;1
PlantIndoors;1;1;1;1;1;1
PlantIndoors;1;1;1;1;1;1
PlantIndoors;1;1;1;1;1;1
PlantIndoors;1;1;1;1;1;1
PlantIndoors;1;1;1;1;1;1
PlantIndoors;1;1;1;1;1;1
PlantIndoors;1;1;1;1;1;1
PlantIndoors;1;1;1;1;1;1
PlantIndoors;1;1;1;1;1;1
PlantIndoors;1;1;1;1;1;1
PlantIndoors;1;1;1;1;1;1
PlantIndoors;1;1;1;1;1;1
PlantIndoors;1;1;1;1;1;1
PlantIndoors;1;1;1;1;1;1
PlantIndoors;1;1;1;1;1;1
PlantIndoors;1;1;1;1;1;1
PlantIndoors;1;1;1;1;1;1
PlantIndoors;1;1;1;1;1;1
PlantIndoors;1;1;1;1;1;1
PlantIndoors;1;1;1;1;1;1
PlantIndoors;1;1;1;1;1;1
PlantIndoors;1;1;1;1;1;1
PlantIndoors;1;1;1;1;1;1
PlantIndoors;1;1;1;1;1;1
PlantIndoors;1;1;1;1;1;1
PlantIndoors;1;1;1;1;1;1
PlantIndoors;1;1;1;1;1;1
PlantIndoors;1;1;1;1;1;1
PlantIndoors;1;1;1;1;1;1
PlantIndoors;1;1;1;1;1;1
PlantIndoors;1;1;1;1;1;1
PlantIndoors;1;1;1;1;1;1
PlantIndoors;1;1;1;1;1;1
PlantIndoors;1;1;1;1;1;1
PlantIndoors;1;1;1;1;1;1
PlantWildNonTree;1;1;1;1;1;1
PlantWildNonTree;1;1;1;1;1;1
PlantWildNonTree;1;1;1;1;1;1
PlantWildNonTree;1;1;1;1;1;1
PlantWildNonTree;1;1;1;1;1;1
PlantWildNonTree;1;1;1;1;1;1
PlantWildNonTree;1;1;1;1;1;1
PlantWildNonTree;1;1;1;1;1;1
PlantWildNonTree;1;1;1;1;1;1
PlantWildNonTree;1;1;1;1;1;1
PlantWildNonTree;1;1;1;1;1;1
PlantWildNonTree;1;1;1;1;1;1
PlantWildNonTree;1;1;1;1;1;1
PlantWildNonTree;1;1;1;1;1;1
PlantWildNonTree;1;1;1;1;1;1
PlantWildNonTree;1;1;1;1;1;1
PlantWildNonTree;1;1;1;1;1;1
PlantWildNonTree;1;1;1;1;1;1
PlantWildNonTree;1;1;1;1;1;1
PlantWildNonTree;1;1;1;1;1;1
PlantWildNonTree;1;1;1;1;1;1
PlantWildNonTree;1;1;1;1;1;1
PlantWildNonTree;1;1;1;1;1;1
PlantWildNonTree;1;1;1;1;1;1
PlantWildNonTree;1;1;1;1;1;1
PlantWildNonTree;1;1;1;1;1;1
PlantWildNonTree;1;1;1;1;1;1
Quadruped;1;1;1;1;1;1
Quadruped;1;1;1;1;1;1
Quadruped;1;1;1;1;1;1
Quadruped;1;1;1;1;1;1
Quadruped;1;1;1;1;1;1
Quadruped;1;1;1;1;1;1
Quadruped;1;1;1;1;1;1
Quadruped;1;1;1;1;1;1
Quadruped;1;1;1;1;1;1
Quadruped;1;1;1;1;1;1
Quadruped;1;1;1;1;1;1
Quadruped;1;1;1;1;1;1
Quadruped;1;1;1;1;1;1
Quadruped;1;1;1;1;1;1
Quadruped;1;1;1;1;1;1
Quadruped;1;1;1;1;1;1
Quadruped;1;1;1;1;1;1
Quadruped;1;1;1;1;1;1
Quadruped;1;1;1;1;1;1
Quadruped;1;1;1;1;1;1
Quadruped;1;1;1;1;1;1
Quadruped;1;1;1;1;1;1
Quadruped;1;1;1;1;1;1
Quadruped;1;1;1;1;1;1
Quadruped;1;1;1;1;1;1
Quadruped;1;1;1;1;1;1
Quadruped;1;1;1;1;1;1
Quadruped;1;1;1;1;1;1
Quadruped;1;1;1;1;1;1
Quadruped;1;1;1;1;1;1
Quadruped;1;1;1;1;1;1
Quadruped;1;1;1;1;1;1
Quadruped;1;1;1;1;1;1
Quadruped;1;1;1;1;1;1
Quadruped;1;1;1;1;1;1
Quadruped;1;1;1;1;1;1
Quadruped;1;1;1;1;1;1
Quadruped;1;1;1;1;1;1
Quadruped;1;1;1;1;1;1
Quadruped;1;1;1;1;1;1
Quadruped;1;1;1;1;1;1
Quadruped;1;1;1;1;1;1
Quadruped;1;1;1;1;1;1
Quadruped;1;1;1;1;1;1
Quadruped;1;1;1;1;1;1
Quadruped;1;1;1;1;1;1
Quadruped;1;1;1;1;1;1
Quadruped;1;1;1;1;1;1
Quadruped;1;1;1;1;1;1
Quadruped;1;1;1;1;1;1
Quadruped;1;1;1;1;1;1
Quadruped;1;1;1;1;1;1
Quadruped;1;1;1;1;1;1
Quadruped;1;1;1;1;1;1
Quadruped;1;1;1;1;1;1
Quadruped;1;1;1;1;1;1
Quadruped;1;1;1;1;1;1
RectangleTable;1;1;1;1;1;1
RectangleTable;1;1;1;1;1;1
RectangleTable;1;1;1;1;1;1
RectangleTable;1;1;1;1;1;1
RectangleTable;1;1;1;1;1;1
RectangleTable;1;1;1;1;1;1
RectangleTable;1;1;1;1;1;1
RectangleTable;1;1;1;1;1;1
RectangleTable;1;1;1;1;1;1
RectangleTable;1;1;1;1;1;1
RectangleTable;1;1;1;1;1;1
RectangleTable;1;1;1;1;1;1
RectangleTable;1;1;1;1;1;1
RectangleTable;1;1;1;1;1;1
RectangleTable;1;1;1;1;1;1
RectangleTable;1;1;1;1;1;1
RectangleTable;1;1;1;1;1;1
RectangleTable;0;0;1;1;1;1
RectangleTable;1;1;1;1;1;1
RectangleTable;1;1;1;1;1;1
RectangleTable;1;1;1;1;1;1
RectangleTable;1;1;1;1;1;1
RectangleTable;1;1;1;1;1;1
RectangleTable;1;1;1;1;1;1
RectangleTable;1;1;1;1;1;1
RectangleTable;1;1;1;1;1;1
RectangleTable;1;1;1;1;1;1
RectangleTable;1;1;1;1;1;1
RectangleTable;1;1;1;1;1;1
RectangleTable;1;1;1;1;1;1
RectangleTable;1;1;1;1;1;1
RectangleTable;1;1;1;1;1;1
RectangleTable;1;1;1;1;1;1
RectangleTable;1;1;1;1;1;1
RectangleTable;1;1;1;1;1;1
RectangleTable;1;1;1;1;1;1
RectangleTable;1;1;1;1;1;1
RectangleTable;1;1;1;1;1;1
RectangleTable;1;1;1;1;1;1
RectangleTable;1;1;1;1;1;1
RectangleTable;1;1;1;1;1;1
RectangleTable;1;1;1;1;1;1
RectangleTable;1;1;1;1;1;1
RectangleTable;1;1;1;1;1;1
RectangleTable;1;1;1;1;1;1
RectangleTable;1;1;1;1;1;1
RectangleTable;1;1;1;1;1;1
RectangleTable;1;1;1;1;1;1
RectangleTable;1;1;1;1;1;1
RectangleTable;1;1;1;1;1;1
RectangleTable;1;1;1;1;1;1
RectangleTable;1;1;1;1;1;1
RectangleTable;1;1;1;1;1;1
RectangleTable;1;1;1;1;1;1
RectangleTable;1;1;1;1;1;1
RectangleTable;1;1;1;1;1;1
RectangleTable;1;1;1;1;1;1
RectangleTable;1;1;1;1;1;1
RectangleTable;1;1;1;1;1;1
RectangleTable;1;1;1;1;1;1
RectangleTable;1;1;1;1;1;1
RectangleTable;1;1;1;1;1;1
RectangleTable;1;1;1;1;1;1
RectangleTable;1;1;1;1;1;1
Rocket;1;1;1;1;1;1
Rocket;1;1;1;1;1;1
Rocket;1;1;1;1;1;1
Rocket;1;1;1;1;1;1
Rocket;1;1;1;1;1;1
Rocket;1;1;1;1;1;1
Rocket;1;1;1;1;1;1
Rocket;1;1;1;1;1;1
Rocket;1;1;1;1;1;1
Rocket;1;1;1;1;1;1
Rocket;1;1;1;1;1;1
Rocket;1;1;1;1;1;1
Rocket;1;1;1;1;1;1
Rocket;1;1;1;1;1;1
Rocket;1;1;1;1;1;1
Rocket;1;1;1;1;1;1
Rocket;1;1;1;1;1;1
Rocket;1;1;1;1;1;1
Rocket;1;1;1;1;1;1
Rocket;1;1;1;1;1;1
RoundTable;1;1;1;1;1;1
RoundTable;1;1;1;1;1;1
RoundTable;1;1;1;1;1;1
RoundTable;1;1;1;1;1;1
RoundTable;1;1;1;1;1;1
RoundTable;1;1;1;1;1;1
RoundTable;1;1;1;1;1;1
RoundTable;1;1;1;1;1;1
RoundTable;1;1;1;1;1;1
RoundTable;1;1;1;1;1;1
RoundTable;1;1;1;1;1;1
RoundTable;1;1;1;1;1;1
RoundTable;1;1;1;1;1;1
RoundTable;1;1;1;1;1;1
RoundTable;1;1;1;1;1;1
RoundTable;1;1;1;1;1;1
RoundTable;1;1;1;1;1;1
RoundTable;1;1;1;1;1;1
RoundTable;1;1;1;1;1;1
RoundTable;1;1;1;1;1;1
RoundTable;1;1;1;1;1;1
RoundTable;1;1;1;1;1;1
RoundTable;1;1;1;1;1;1
RoundTable;1;1;1;1;1;1
RoundTable;1;1;1;1;1;1
RoundTable;1;1;1;1;1;1
RoundTable;1;1;1;1;1;1
RoundTable;1;1;1;1;1;1
RoundTable;1;1;1;1;1;1
RoundTable;1;1;1;1;1;1
RoundTable;1;1;1;1;1;1
RoundTable;1;1;1;1;1;1
RoundTable;1;1;1;1;1;1
RoundTable;1;1;1;1;1;1
RoundTable;1;1;1;1;1;1
RoundTable;1;1;1;1;1;1
RoundTable;1;1;1;1;1;1
Shelf;1;1;1;1;1;1
Shelf;1;1;1;1;1;1
Shelf;1;1;1;1;1;1
Shelf;1;1;1;1;1;1
Shelf;1;1;1;1;1;1
Shelf;1;1;1;1;1;1
Shelf;1;1;1;1;1;1
Shelf;1;1;1;1;1;1
Shelf;1;1;1;1;1;1
Shelf;1;1;1;1;1;1
Shelf;1;1;1;1;1;1
Shelf;1;1;1;1;1;1
Shelf;1;1;1;1;1;1
Shelf;1;1;1;1;1;1
Shelf;1;1;1;1;1;1
Shelf;1;1;1;1;1;1
Shelf;1;1;1;1;1;1
Shelf;1;1;1;1;1;1
Shelf;1;1;1;1;1;1
Shelf;1;1;1;1;1;1
Shelf;1;1;1;1;1;1
Shelf;1;1;1;1;1;1
Shelf;1;1;1;1;1;1
Shelf;1;1;1;1;1;1
Shelf;1;1;1;1;1;1
Shelf;1;1;1;1;1;1
Shelf;1;1;1;1;1;1
Shelf;1;1;1;1;1;1
Shelf;1;1;1;1;1;1
Shelf;1;1;1;1;1;1
Shelf;1;1;1;1;1;1
Shelf;1;1;1;1;1;1
Shelf;1;1;1;1;1;1
Shelf;1;1;1;1;1;1
Shelf;1;1;1;1;1;1
Shelf;1;1;1;1;1;1
Shelf;1;1;1;1;1;1
Shelf;1;1;1;1;1;1
Shelf;1;1;1;1;1;1
Shelf;1;1;1;1;1;1
Shelf;1;1;1;1;1;1
Shelf;1;1;1;1;1;1
Shelf;1;1;1;1;1;1
Ship;1;1;1;1;1;1
Ship;1;1;1;1;1;1
Ship;1;1;1;1;1;1
Ship;1;1;1;1;1;1
Ship;1;1;1;1;1;1
Ship;1;1;1;1;1;1
Ship;1;1;1;1;1;1
Ship;1;1;1;1;1;1
Ship;1;1;1;1;1;1
Ship;1;1;1;1;1;1
Ship;1;1;1;1;1;1
Ship;1;1;1;1;1;1
Ship;1;1;1;1;1;1
Ship;1;1;1;1;1;1
Ship;1;1;1;1;1;1
Ship;1;1;1;1;1;1
Ship;1;1;1;1;1;1
Ship;1;1;1;1;1;1
Ship;1;1;1;1;1;1
Ship;1;1;1;1;1;1
Ship;1;1;1;1;1;1
Ship;1;1;1;1;1;1
Ship;1;1;1;1;1;1
Ship;1;1;1;1;1;1
Ship;1;1;1;1;1;1
Ship;1;1;1;1;1;1
Ship;1;1;1;1;1;1
Ship;1;1;1;1;1;1
Ship;1;1;1;1;1;1
Ship;1;1;1;1;1;1
Ship;1;1;1;1;1;1
Ship;1;1;1;1;1;1
Ship;1;1;1;1;1;1
Ship;1;1;1;1;1;1
Ship;1;1;1;1;1;1
Ship;1;1;1;1;1;1
Ship;1;1;1;1;1;1
Ship;1;1;1;1;1;1
Ship;1;1;1;1;1;1
Ship;1;1;1;1;1;1
Ship;1;1;1;1;1;1
Ship;1;1;1;1;1;1
Ship;1;1;1;1;1;1
Ship;1;1;1;1;1;1
Ship;1;1;1;1;1;1
Ship;1;1;1;1;1;1
Ship;1;1;1;1;1;1
Ship;1;1;1;1;1;1
Ship;1;1;1;1;1;1
Ship;1;1;1;1;1;1
Ship;1;1;1;1;1;1
Ship;1;1;1;1;1;1
Ship;1;1;1;1;1;1
Ship;1;1;1;1;1;1
Ship;1;1;1;1;1;1
Ship;1;1;1;1;1;1
Ship;1;1;1;1;1;1
Ship;1;1;1;1;1;1
Ship;1;1;1;1;1;1
Ship;1;1;1;1;1;1
Ship;1;1;1;1;1;1
Ship;1;1;1;1;1;1
Ship;1;1;1;1;1;1
Sign;1;1;1;1;1;1
Sign;1;1;1;1;1;1
Sign;1;1;1;1;1;1
Sign;1;1;1;1;1;1
Sign;1;1;1;1;1;1
Sign;1;1;1;1;1;1
Sign;1;1;1;1;1;1
Sign;1;1;1;1;1;1
Sign;1;1;1;1;1;1
Sign;1;1;1;1;1;1
Sign;1;1;1;1;1;1
Sign;1;1;1;1;1;1
Sign;1;1;1;1;1;1
Sign;1;1;1;1;1;1
Sign;1;1;1;1;1;1
Skyscraper;1;1;1;1;1;1
Skyscraper;1;1;1;1;1;1
Skyscraper;1;1;1;1;1;1
Skyscraper;1;1;1;1;1;1
Skyscraper;1;1;1;1;1;1
Skyscraper;1;1;1;1;1;1
Skyscraper;1;1;1;1;1;1
Skyscraper;0;0;0;1;1;1
Skyscraper;1;1;1;1;1;1
Skyscraper;0;0;0;1;1;1
Skyscraper;1;1;1;1;1;1
Skyscraper;1;1;1;1;1;1
Skyscraper;1;1;1;1;1;1
Skyscraper;1;1;1;1;1;1
Skyscraper;1;1;1;1;1;1
Skyscraper;1;1;1;1;1;1
Skyscraper;1;1;1;1;1;1
Skyscraper;1;1;1;1;1;1
Skyscraper;1;1;1;1;1;1
Skyscraper;1;1;1;1;1;1
Spoon;1;1;1;1;1;1
Spoon;1;1;1;1;1;1
Spoon;1;1;1;1;1;1
Spoon;1;1;1;1;1;1
Spoon;1;1;1;1;1;1
Spoon;1;1;1;1;1;1
Spoon;1;1;1;1;1;1
Spoon;1;1;1;1;1;1
Spoon;1;1;1;1;1;1
Spoon;1;1;1;1;1;1
Spoon;1;1;1;1;1;1
Spoon;1;1;1;1;1;1
Spoon;1;1;1;1;1;1
Spoon;1;1;1;1;1;1
Spoon;1;1;1;1;1;1
Spoon;1;1;1;1;1;1
Spoon;1;1;1;1;1;1
Spoon;1;1;1;1;1;1
Spoon;1;1;1;1;1;1
Spoon;1;1;1;1;1;1
Starship;1;1;1;1;1;1
Starship;1;1;1;1;1;1
Starship;1;1;1;1;1;1
Starship;1;1;1;1;1;1
Starship;1;1;1;1;1;1
Starship;1;1;1;1;1;1
Starship;1;1;1;1;1;1
Starship;1;1;1;1;1;1
Starship;1;1;1;1;1;1
Starship;1;1;1;1;1;1
Starship;1;1;1;1;1;1
Starship;1;1;1;1;1;1
Starship;1;1;1;1;1;1
Starship;1;1;1;1;1;1
Starship;1;1;1;1;1;1
Starship;1;1;1;1;1;1
Starship;1;1;1;1;1;1
Starship;1;1;1;1;1;1
Starship;1;1;1;1;1;1
Starship;1;1;1;1;1;1
Starship;1;1;1;1;1;1
Starship;1;1;1;1;1;1
Starship;1;1;1;1;1;1
Starship;1;1;1;1;1;1
Starship;1;1;1;1;1;1
Starship;1;1;1;1;1;1
Starship;1;1;1;1;1;1
Starship;1;1;1;1;1;1
Starship;1;1;1;1;1;1
Starship;1;1;1;1;1;1
Starship;1;1;1;1;1;1
SubmachineGun;1;1;1;1;1;1
SubmachineGun;1;1;1;1;1;1
SubmachineGun;1;1;1;1;1;1
SubmachineGun;1;1;1;1;1;1
SubmachineGun;1;1;1;1;1;1
SubmachineGun;1;1;1;1;1;1
SubmachineGun;1;1;1;1;1;1
SubmachineGun;1;1;1;1;1;1
SubmachineGun;1;1;1;1;1;1
SubmachineGun;1;1;1;1;1;1
SubmachineGun;1;1;1;1;1;1
SubmachineGun;1;1;1;1;1;1
SubmachineGun;1;1;1;1;1;1
SubmachineGun;1;1;1;1;1;1
SubmachineGun;1;1;1;1;1;1
SubmachineGun;1;1;1;1;1;1
SubmachineGun;1;1;1;1;1;1
SubmachineGun;1;1;1;1;1;1
SubmachineGun;1;1;1;1;1;1
SubmachineGun;1;1;1;1;1;1
Sword;1;1;1;1;1;1
Sword;1;1;1;1;1;1
Sword;1;1;1;1;1;1
Sword;1;1;1;1;1;1
Sword;1;1;1;1;1;1
Sword;1;1;1;1;1;1
Sword;1;1;1;1;1;1
Sword;1;1;1;1;1;1
Sword;1;1;1;1;1;1
Sword;1;1;1;1;1;1
Sword;1;1;1;1;1;1
Sword;1;1;1;1;1;1
Sword;1;1;1;1;1;1
Sword;1;1;1;1;1;1
Sword;1;1;1;1;1;1
Sword;1;1;1;1;1;1
Sword;1;1;1;1;1;1
Sword;1;1;1;1;1;1
Sword;1;1;1;1;1;1
Sword;1;1;1;1;1;1
Sword;1;1;1;1;1;1
Sword;1;1;1;1;1;1
Sword;1;1;1;1;1;1
Sword;1;1;1;1;1;1
Sword;1;1;1;1;1;1
Sword;1;1;1;1;1;1
Sword;1;1;1;1;1;1
Sword;1;1;1;1;1;1
Sword;1;1;1;1;1;1
Sword;1;1;1;1;1;1
Sword;1;1;1;1;1;1
Sword;1;1;1;1;1;1
Sword;1;1;1;1;1;1
Sword;1;1;1;1;1;1
Sword;1;1;1;1;1;1
Sword;1;1;1;1;1;1
Sword;1;1;1;1;1;1
Sword;1;1;1;1;1;1
Sword;1;1;1;1;1;1
Sword;1;1;1;1;1;1
Sword;1;1;1;1;1;1
Sword;1;1;1;1;1;1
Sword;1;1;1;1;1;1
Sword;1;1;1;1;1;1
Sword;1;1;1;1;1;1
Sword;1;1;1;1;1;1
Sword;1;1;1;1;1;1
Sword;1;1;1;1;1;1
Sword;1;1;1;1;1;1
Sword;1;1;1;1;1;1
Sword;1;1;1;1;1;1
Sword;1;1;1;1;1;1
Sword;1;1;1;1;1;1
Tool;1;1;1;1;1;1
Tool;1;1;1;1;1;1
Tool;1;1;1;1;1;1
Tool;1;1;1;1;1;1
Tool;1;1;1;1;1;1
Tool;1;1;1;1;1;1
Tool;1;1;1;1;1;1
Tool;1;1;1;1;1;1
Tool;1;1;1;1;1;1
Tool;1;1;1;1;1;1
Tool;1;1;1;1;1;1
Tool;1;1;1;1;1;1
Tool;1;1;1;1;1;1
Tool;1;1;1;1;1;1
Tool;1;1;1;1;1;1
Tool;1;1;1;1;1;1
Tool;1;1;1;1;1;1
Tool;1;1;1;1;1;1
Tool;1;1;1;1;1;1
Tool;1;1;1;1;1;1
Tool;1;1;1;1;1;1
Tool;1;1;1;1;1;1
Tool;1;1;1;1;1;1
Tool;1;1;1;1;1;1
Tool;1;1;1;1;1;1
Tool;1;1;1;1;1;1
Tool;1;1;1;1;1;1
Tool;1;1;1;1;1;1
Tool;1;1;1;1;1;1
Tool;1;1;1;1;1;1
Tool;1;1;1;1;1;1
Tool;1;1;1;1;1;1
Tool;1;1;1;1;1;1
Tool;1;1;1;1;1;1
Tool;1;1;1;1;1;1
Tool;1;1;1;1;1;1
Tool;1;1;1;1;1;1
Tool;1;1;1;1;1;1
Tool;1;1;1;1;1;1
Tool;1;1;1;1;1;1
Tool;1;1;1;1;1;1
Tool;1;1;1;1;1;1
Tool;1;1;1;1;1;1
Tool;1;1;1;1;1;1
Train;1;1;1;1;1;1
Train;1;1;1;1;1;1
Train;1;1;1;1;1;1
Train;1;1;1;1;1;1
Train;1;1;1;1;1;1
Train;1;1;1;1;1;1
Train;1;1;1;1;1;1
Train;1;1;1;1;1;1
Train;1;1;1;1;1;1
Train;1;1;1;1;1;1
Train;1;1;1;1;1;1
Train;1;1;1;1;1;1
Train;1;1;1;1;1;1
Train;1;1;1;1;1;1
Train;1;1;1;1;1;1
Train;1;1;1;1;1;1
Train;1;1;1;1;1;1
Train;1;1;1;1;1;1
Train;1;1;1;1;1;1
Train;1;1;1;1;1;1
Train;1;1;1;1;1;1
Train;1;1;1;1;1;1
Train;1;1;1;1;1;1
Train;1;1;1;1;1;1
Train;1;1;1;1;1;1
Train;1;1;1;1;1;1
Train;1;1;1;1;1;1
Train;1;1;1;1;1;1
Train;1;1;1;1;1;1
Train;1;1;1;1;1;1
Tree;0;0;0;1;1;1
Tree;0;0;0;1;1;1
Tree;0;0;0;1;1;1
Tree;1;1;1;1;1;1
Tree;1;1;1;1;1;1
Tree;0;0;0;1;1;1
Tree;1;1;1;1;1;1
Tree;0;0;0;1;1;1
Tree;1;1;1;1;1;1
Tree;0;0;0;1;1;1
Tree;0;0;0;1;1;1
Tree;0;0;0;1;1;1
Tree;0;0;0;1;1;1
Tree;0;0;0;1;1;1
Tree;0;0;0;1;1;1
Tree;0;0;0;1;1;1
Tree;1;1;1;1;1;1
Tree;0;0;0;1;1;1
Tree;0;0;0;1;1;1
Tree;0;0;0;1;1;1
Tree;1;1;1;1;1;1
Tree;1;1;1;1;1;1
Tree;1;1;1;1;1;1
Tree;1;1;1;1;1;1
Tree;1;1;1;1;1;1
Tree;1;1;1;1;1;1
Tree;1;1;1;1;1;1
Tree;1;1;1;1;1;1
Tree;1;1;1;1;1;1
Tree;1;1;1;1;1;1
Tree;1;1;1;1;1;1
Tree;1;1;1;1;1;1
Tree;1;1;1;1;1;1
Tree;1;1;1;1;1;1
Tree;1;1;1;1;1;1
Tree;1;1;1;1;1;1
Tree;1;0;0;1;1;1
Tree;1;1;1;1;1;1
Tree;1;1;1;1;1;1
Tree;1;1;1;1;1;1
Tree;1;1;1;1;1;1
Tree;1;1;1;1;1;1
Tree;1;1;1;1;1;1
Tree;1;1;1;1;1;1
Tree;1;1;1;1;1;1
Tree;1;1;1;1;1;1
Tree;1;1;1;1;1;1
Truck;1;1;1;1;1;1
Truck;1;1;1;1;1;1
Truck;1;1;1;1;1;1
Truck;1;1;1;1;1;1
Truck;1;1;1;1;1;1
Truck;1;1;1;1;1;1
Truck;1;1;1;1;1;1
Truck;1;1;1;1;1;1
Truck;1;1;1;1;1;1
Truck;1;1;1;1;1;1
Truck;1;1;1;1;1;1
Truck;1;1;1;1;1;1
Truck;1;1;1;1;1;1
Truck;1;1;1;1;1;1
Truck;1;1;1;1;1;1
Truck;1;1;1;1;1;1
Truck;1;1;1;1;1;1
Truck;1;1;1;1;1;1
Truck;1;1;1;1;1;1
Truck;1;1;1;1;1;1
Truck;1;1;1;1;1;1
Truck;1;1;1;1;1;1
Truck;1;1;1;1;1;1
Truck;1;1;1;1;1;1
Truck;1;1;1;1;1;1
Truck;1;1;1;1;1;1
Truck;1;1;1;1;1;1
TruckNonContainer;1;1;1;1;1;1
TruckNonContainer;1;1;1;1;1;1
TruckNonContainer;1;1;1;1;1;1
TruckNonContainer;1;1;1;1;1;1
TruckNonContainer;1;1;1;1;1;1
TruckNonContainer;1;1;1;1;1;1
TruckNonContainer;1;1;1;1;1;1
TruckNonContainer;1;1;1;1;1;1
TruckNonContainer;1;1;1;1;1;1
TruckNonContainer;1;1;1;1;1;1
TruckNonContainer;1;1;1;1;1;1
TruckNonContainer;1;1;1;1;1;1
TruckNonContainer;1;1;1;1;1;1
TruckNonContainer;1;1;1;1;1;1
TruckNonContainer;1;1;1;1;1;1
TruckNonContainer;1;1;1;1;1;1
TruckNonContainer;1;1;1;1;1;1
TruckNonContainer;1;1;1;1;1;1
TruckNonContainer;1;1;1;1;1;1
TruckNonContainer;1;1;1;1;1;1
Vase;1;1;1;1;1;1
Vase;1;1;1;1;1;1
Vase;1;1;1;1;1;1
Vase;1;1;1;1;1;1
Vase;1;1;1;1;1;1
Vase;1;1;1;1;1;1
Vase;1;1;1;1;1;1
Vase;1;1;1;1;1;1
Vase;1;1;1;1;1;1
Vase;1;1;1;1;1;1
Vase;1;1;1;1;1;1
Vase;1;1;1;1;1;1
Vase;1;1;1;1;1;1
Vase;1;1;1;1;1;1
Vase;1;1;1;1;1;1
Vase;1;1;1;1;1;1
Vase;1;1;1;1;1;1
Vase;1;1;1;1;1;1
Vase;1;1;1;1;1;1
Vase;1;1;1;1;1;1
Violin;1;1;1;1;1;1
Violin;1;1;1;1;1;1
Violin;1;1;1;1;1;1
Violin;1;1;1;1;1;1
Violin;1;1;1;1;1;1
Violin;1;1;1;1;1;1
Violin;1;1;1;1;1;1
Violin;1;1;1;1;1;1
Violin;1;1;1;1;1;1
Violin;1;1;1;1;1;1
Violin;1;1;1;1;1;1
Violin;1;1;1;1;1;1
Violin;1;1;1;1;1;1
Violin;1;1;1;1;1;1
Violin;1;1;1;1;1;1
Violin;1;1;1;1;1;1
Violin;1;1;1;1;1;1
Violin;1;1;1;1;1;1
Violin;1;1;1;1;1;1
Violin;1;1;1;1;1;1
Wheel;1;1;1;1;1;1
Wheel;1;1;1;1;1;1
Wheel;1;1;1;1;1;1
Wheel;1;1;1;1;1;1
Wheel;1;1;1;1;1;1
Wheel;1;1;1;1;1;1
Wheel;1;1;1;1;1;1
Wheel;1;1;1;1;1;1
Wheel;1;1;1;1;1;1
Wheel;1;1;1;1;1;1
Wheel;1;1;1;1;1;1
Wheel;1;1;1;1;1;1
Wheel;1;1;1;1;1;1
Wheel;1;1;1;1;1;1
Wheel;1;1;1;1;1;1
Wheel;1;1;1;1;1;1
Wheel;1;1;1;1;1;1
WheelChair;1;1;1;1;1;1
WheelChair;1;1;1;1;1;1
WheelChair;1;1;1;1;1;1
WheelChair;1;1;1;1;1;1
WheelChair;1;1;1;1;1;1
WheelChair;1;1;1;1;1;1
WheelChair;1;1;1;1;1;1
WheelChair;1;1;1;1;1;1
WheelChair;1;1;1;1;1;1
WheelChair;1;1;1;1;1;1
WheelChair;1;1;1;1;1;1
WheelChair;1;1;1;1;1;1
WheelChair;1;1;1;1;1;1
WheelChair;1;1;1;1;1;1
WheelChair;1;1;1;1;1;1
WheelChair;1;1;1;1;1;1
WheelChair;1;1;1;1;1;1
WheelChair;1;1;1;1;1;1
WheelChair;1;1;1;1;1;1
WheelChair;1;1;1;1;1;1
